"Address","Content Type","Status Code","Status","Indexability","Indexability Status","Title 1","Title 1 Length","Title 1 Pixel Width","Meta Description 1","Meta Description 1 Length","Meta Description 1 Pixel Width","Meta Keywords 1","Meta Keywords 1 Length","H1-1","H1-1 Length","H2-1","H2-1 Length","H2-2","H2-2 Length","Meta Robots 1","X-Robots-Tag 1","Meta Refresh 1","Canonical Link Element 1","rel=""next"" 1","rel=""prev"" 1","HTTP rel=""next"" 1","HTTP rel=""prev"" 1","amphtml Link Element","Size (bytes)","Transferred (bytes)","Total Transferred (bytes)","CO2 (mg)","Carbon Rating","Word Count","Sentence Count","Average Words Per Sentence","Flesch Reading Ease Score","Readability","Text Ratio","Crawl Depth","Folder Depth","Link Score","Inlinks","Unique Inlinks","Unique JS Inlinks","% of Total","Outlinks","Unique Outlinks","Unique JS Outlinks","External Outlinks","Unique External Outlinks","Unique External JS Outlinks","Closest Near Duplicate Match","No. Near Duplicates","Spelling Errors","Grammar Errors","Hash","Response Time","Last Modified","Redirect URL","Redirect Type","Cookies","Language","HTTP Version","Mobile Alternate Link","Closest Semantically Similar Address","Semantic Similarity Score","No. Semantically Similar","Semantic Relevance Score","URL Encoded Address","Crawl Timestamp"
"https://lolaaviamentos.com.br/","text/html; charset=UTF-8","200","OK","Non-Indexable","Canonicalised","Lola Aviamentos - Entretelas para confecções e insumos para Bonés","65","611","Aqui você vai encontrar uma ampla gama de acessórios e entretelas para bordado, termocolantes para patchwork, apliques e insumos para bonés.","140","907","","0","Lola Aviamentos - Entretelas para confecções e insumos para Bonés","65","Total: R$0,00","13","Mais vendidos","13","","","","https://www.lolaaviamentos.com.br/","","","","","","1103785","135671","135671","51.973","","836","316","2.646","77.756","Fairly Easy","0.576","0","0","","102","32","0","22.540","165","58","0","15","6","0","","","","","8e64ef76f28e3591e663cdb2337c61ae","0.082","Thu, 23 Jul 2026 14:41:23 GMT","","","","pt","1.1","","","","","","https://lolaaviamentos.com.br/","2026-07-23 13:55:06"
"https://lolaaviamentos.com.br/account/register","","0","Blocked by robots.txt","Non-Indexable","Blocked by robots.txt","","0","0","","0","0","","0","","0","","0","","0","","","","","","","","","","0","0","0","0.000","","0","","","","","0.000","1","1","","64","32","0","22.540","0","0","0","0","0","0","","","","","","","","","","","","None","","","","","","https://lolaaviamentos.com.br/account/register","2026-07-23 13:55:11"
"https://lolaaviamentos.com.br/entretela-de-memoria/cinza/","text/html; charset=UTF-8","200","OK","Non-Indexable","Canonicalised","Cinza","5","50","Compre online Cinza por R$260,90. Temos entretela cavalinho de memória termocolante cinza 330g, entretela cavalinho de memória termocolante cinza 285g e mais. Faça seu pedido e pag...","183","1174","","0","Cinza","5","Total: R$0,00","13","","0","","","","https://www.lolaaviamentos.com.br/entretela-de-memoria/cinza/","","","","","","434096","89612","89612","34.329","","519","170","3.053","71.865","Fairly Easy","0.871","1","2","","83","33","0","23.240","93","39","0","14","6","0","","","","","833b2c334234c9d6474f59de2e4f6ebe","0.271","Thu, 23 Jul 2026 16:55:11 GMT","","","","pt","1.1","","","","","","https://lolaaviamentos.com.br/entretela-de-memoria/cinza/","2026-07-23 13:55:11"
"https://lolaaviamentos.com.br/search/?q=tela+lt","","0","Blocked by robots.txt","Non-Indexable","Blocked by robots.txt","","0","0","","0","0","","0","","0","","0","","0","","","","","","","","","","0","0","0","0.000","","0","","","","","0.000","1","1","","4","2","0","1.410","0","0","0","0","0","0","","","","","","","","","","","","None","","","","","","https://lolaaviamentos.com.br/search/?q=tela+lt","2026-07-23 13:55:12"
"https://lolaaviamentos.com.br/insumos-para-bones/regulador-plastico/","text/html; charset=UTF-8","200","OK","Non-Indexable","Canonicalised","Regulador Plástico","18","167","Compre online Regulador Plástico por R$189,90. Temos Regulador Plástico Proflex para Boné 1.000 und. e mais. Faça seu pedido e pague-o online.","142","908","","0","Regulador Plástico","18","Total: R$0,00","13","","0","","","","https://www.lolaaviamentos.com.br/insumos-para-bones/regulador-plastico/","","","","","","451836","89648","89648","34.342","","518","161","3.217","70.953","Fairly Easy","0.836","1","2","","81","33","0","23.240","88","38","0","14","6","0","","","","","b24aaf333a7ca9af8ba8fa058570ab30","0.527","Thu, 23 Jul 2026 16:55:11 GMT","","","","pt","1.1","","","","","","https://lolaaviamentos.com.br/insumos-para-bones/regulador-plastico/","2026-07-23 13:55:11"
"https://www.lolaaviamentos.com.br/produtos/filme-plastico-magico-para-bordado-45g/","text/html; charset=UTF-8","200","OK","Indexable","","Filme Plástico Mágico para Bordado 45g - Flexível e Sem Formaldeíd","66","611","Filme plástico para bordado 45g, flexível e sem formaldeído, facilita o processo e reduz custos. Ideal para bordados infantis. Compre agora e agilize seu trabalho!","163","992","","0","Filme Plástico Mágico para Bordado 45g","38","Total: R$0,00","13","R$411,00","8","","","","https://www.lolaaviamentos.com.br/produtos/filme-plastico-magico-para-bordado-45g/","","","","","","639887","135227","135227","51.803","","848","229","3.703","71.188","Fairly Easy","0.897","1","2","","62","12","0","8.450","104","38","0","22","13","0","","","","","982560cc604f1e8dcf71e5bdc484609b","0.084","Thu, 23 Jul 2026 15:52:01 GMT","","","","pt","1.1","","","","","","https://www.lolaaviamentos.com.br/produtos/filme-plastico-magico-para-bordado-45g/","2026-07-23 13:55:11"
"https://lolaaviamentos.com.br/produtos/entretela-para-bordado-rasgavel-40g-90cm-200m/","text/html; charset=UTF-8","200","OK","Non-Indexable","Canonicalised","Entretela Não Tecido para Bordado Rasgável","42","397","A entretela rasgável (ou de rasgo fácil) pode ser removida facilmente apenas puxando-a da peça, isso torna a limpeza mais rápida e prática.","139","861","","0","Entretela Não Tecido para Bordado Rasgável 40g Lec-40","53","Total: R$0,00","13","R$175,00","8","","","","https://www.lolaaviamentos.com.br/produtos/entretela-para-bordado-rasgavel-40g-90cm-200m/","","","","","","1032399","168518","168518","64.556","","1011","289","3.498","73.665","Fairly Easy","0.760","1","2","","44","3","0","2.110","130","45","0","25","16","0","","","","","39e099bf2dd4fde49edf9dab6716b1d7","0.650","Thu, 23 Jul 2026 16:55:12 GMT","","","","pt","1.1","","","","","","https://lolaaviamentos.com.br/produtos/entretela-para-bordado-rasgavel-40g-90cm-200m/","2026-07-23 13:55:11"
"https://www.lolaaviamentos.com.br/produtos/fita-magica/","text/html; charset=UTF-8","200","OK","Indexable","","Fita Mágica Termocolante Dupla Face 0,2cm x 50m para Bainha","59","568","Fita termocolante dupla face para bainha rápida e prática. Ajuste barras sem costura com acabamento perfeito. Compre já!","120","763","","0","Fita Mágica Instantanea Dupla Face Termocolante (Bainha Mágica) 2.0cm x 50m","75","Total: R$0,00","13","R$14,90","7","","","","https://www.lolaaviamentos.com.br/produtos/fita-magica/","","","","","","1190499","166421","166421","63.753","","1112","307","3.622","65.227","Normal","0.703","1","2","","45","3","0","2.110","131","44","0","20","11","0","","","","","4658eb7557a6ba7884662bb6da0013eb","0.114","Thu, 23 Jul 2026 16:55:12 GMT","","","","pt","1.1","","","","","","https://www.lolaaviamentos.com.br/produtos/fita-magica/","2026-07-23 13:55:12"
"https://www.lolaaviamentos.com.br/empresa/","text/html; charset=UTF-8","200","OK","Indexable","","A Lola","6","56","A Lola Aviamentos está localizada em Apucarana - PR e é uma empresa focada na importação e distribuição de insumos, maquinários, e soluções para o ramo de co...","160","1025","","0","A Lola","6","Total: R$0,00","13","","0","","","","https://www.lolaaviamentos.com.br/empresa/","","","","","","362077","82205","82205","31.491","","614","154","3.987","53.843","Fairly Hard","1.191","1","1","","154","142","0","100.000","78","35","0","14","6","0","","","","","d289343d03435e200dd28af782a41aa8","0.725","","","","","pt","1.1","","","","","","https://www.lolaaviamentos.com.br/empresa/","2026-07-23 13:55:13"
"https://lolaaviamentos.com.br/insumos-para-bones/suede1/","text/html; charset=UTF-8","200","OK","Non-Indexable","Canonicalised","Tecidos","7","70","Compre online Tecidos por R$247,50. Temos Tecido Suede 160g e mais. Faça seu pedido e pague-o online.","101","655","","0","Tecidos","7","Total: R$0,00","13","","0","","","","https://www.lolaaviamentos.com.br/insumos-para-bones/suede1/","","","","","","422242","88677","88677","33.970","","495","158","3.133","69.833","Normal","0.857","1","2","","81","33","0","23.240","88","38","0","14","6","0","","","","","bb03fc40c0f516782f66e91fda5f9704","0.680","Thu, 23 Jul 2026 16:55:13 GMT","","","","pt","1.1","","","","","","https://lolaaviamentos.com.br/insumos-para-bones/suede1/","2026-07-23 13:55:13"
"https://lolaaviamentos.com.br/bordado1/toque-macio/","text/html; charset=UTF-8","200","OK","Non-Indexable","Canonicalised","Entretelas de Toque Macio","25","238","As entretelas não tecido de toque macio e rasgo orientado são compostas de poliéster e tem foco na área de vestuário feminino e infantil.","137","846","","0","Toque Macio","11","Total: R$0,00","13","","0","","","","https://www.lolaaviamentos.com.br/bordado1/toque-macio/","","","","","","751401","110112","110112","42.182","","799","264","3.027","79.775","Fairly Easy","0.775","1","2","","99","33","0","23.240","139","49","0","14","6","0","","","","","81bd5a589aa32a18af580ffe935665f6","0.204","Thu, 23 Jul 2026 16:55:13 GMT","","","","pt","1.1","","","","","","https://lolaaviamentos.com.br/bordado1/toque-macio/","2026-07-23 13:55:13"
"https://lolaaviamentos.com.br/acessorios/","text/html; charset=UTF-8","200","OK","Non-Indexable","Canonicalised","Acessórios","10","98","Compre online Acessórios por R$99,90. Temos cortador de amostras para gramatura, medidor de circunferência para bonés e mais. Faça seu pedido e pague-o online.","159","1026","","0","Acessórios","10","Total: R$0,00","13","","0","","","","https://www.lolaaviamentos.com.br/acessorios/","","","","","","451529","90469","90469","34.657","","514","175","2.937","72.016","Fairly Easy","0.824","1","1","","79","33","0","23.240","93","40","0","14","6","0","","","","","b63e78a04e0c0e9ef64b6a590c3a4787","0.509","Thu, 23 Jul 2026 16:55:14 GMT","","","","pt","1.1","","","","","","https://lolaaviamentos.com.br/acessorios/","2026-07-23 13:55:14"
"https://lolaaviamentos.com.br/entretela-alfaiataria/termocolante1/","text/html; charset=UTF-8","200","OK","Non-Indexable","Canonicalised","Entretela de tecido","19","168","deal para a confecção de peças de alto padrão, nossa entretela 100% algodão é desenvolvida especialmente para atender às exigências da alfaiataria e camisaria fina. Utilizada em colarinhos, golas, cós e outras aplicações estruturais, garante acabamento impecável, toque sofisticado e excelente performance na costura.","317","1980","","0","Termocolante de Tecido","22","Total: R$0,00","13","","0","","","","https://www.lolaaviamentos.com.br/entretela-alfaiataria/termocolante1/","","","","","","372630","84171","84171","32.244","","455","137","3.321","66.059","Normal","0.867","1","2","","78","33","0","23.240","82","37","0","14","6","0","","","","","3d4a1a6e388ef121536ffed2a4df115f","0.181","Thu, 23 Jul 2026 16:55:14 GMT","","","","pt","1.1","","","","","","https://lolaaviamentos.com.br/entretela-alfaiataria/termocolante1/","2026-07-23 13:55:14"
"https://www.lolaaviamentos.com.br/produtos/tela-de-poliester-mesh-7dmsd/","text/html; charset=UTF-8","200","OK","Indexable","","Tela de Poliéster Mesh: Leve, Resistente e Respirável","53","476","Tela de Poliéster Mesh oferece leveza, ventilação e resistência ideal para vestuário e acessórios. Compre agora e garanta conforto e qualidade!","143","878","","0","Tela de Poliéster Mesh","22","Total: R$0,00","13","R$269,90","8","","","","https://www.lolaaviamentos.com.br/produtos/tela-de-poliester-mesh-7dmsd/","","","","","","829058","138025","138025","52.875","","965","252","3.829","70.744","Fairly Easy","0.793","1","2","","58","10","0","7.040","100","38","0","22","13","0","","","","","d13e10c672ae0d5c59eb3c94c28f44c1","0.580","Thu, 23 Jul 2026 16:55:14 GMT","","","","pt","1.1","","","","","","https://www.lolaaviamentos.com.br/produtos/tela-de-poliester-mesh-7dmsd/","2026-07-23 13:55:14"
"https://www.lolaaviamentos.com.br/produtos/entretela-dupla-face-90cm-50m/","text/html; charset=UTF-8","200","OK","Indexable","","Entretela Dupla Face Adesiva E Termocolante 90cm X 50m","54","525","A entretela dupla face é utilizada para fazer o processo de patchwork de patches e apliques em tecidos ou outros materiais.","123","761","","0","Entretela Dupla Face Adesiva E Termocolante 0,90cm x 50m","56","Total: R$0,00","13","R$171,90","8","","","","https://www.lolaaviamentos.com.br/produtos/entretela-dupla-face-90cm-50m/","","","","","","713182","135544","135544","51.924","","1047","282","3.713","72.894","Fairly Easy","0.977","1","2","","41","5","0","3.520","113","41","0","20","11","0","","","","","34c94b04dffe1943aca478b0014d69e8","0.732","Thu, 23 Jul 2026 16:55:15 GMT","","","","pt","1.1","","","","","","https://www.lolaaviamentos.com.br/produtos/entretela-dupla-face-90cm-50m/","2026-07-23 13:55:14"
"https://www.lolaaviamentos.com.br/politica_privacidade/","text/html; charset=UTF-8","200","OK","Indexable","","Política de Privacidade","23","204","Nossa política de privacidade tem como objetivo deixar claro nosso compromisso em garantir a proteção dos dados solicitados ou coletados. Não fornecemos suas...","160","1023","","0","Política de Privacidade","23","Total: R$0,00","13","","0","","","","https://www.lolaaviamentos.com.br/politica_privacidade/","","","","","","363698","82992","82992","31.793","","826","181","4.564","51.849","Fairly Hard","1.543","1","1","","154","142","0","100.000","78","35","0","14","6","0","","","","","fd80d407b84f434d47d32d8d66ba59ab","0.553","","","","","pt","1.1","","","","","","https://www.lolaaviamentos.com.br/politica_privacidade/","2026-07-23 13:55:15"
"https://lolaaviamentos.com.br/produtos/","text/html; charset=UTF-8","200","OK","Non-Indexable","Canonicalised","Compre online produtos de Lola Aviamentos - Entretelas para confecções e insumos para Bonés","91","857","Aqui você vai encontrar uma ampla gama de acessórios e entretelas para bordado, termocolantes para patchwork, apliques e insumos para bonés.","140","907","","0","Produtos","8","Total: R$0,00","13","","0","","","","https://www.lolaaviamentos.com.br/produtos/","","","","","","1058683","138087","138087","52.899","","1280","337","3.798","100.000","Very Easy","0.858","1","1","","107","32","0","22.540","165","53","0","14","6","0","","","","","3241731fc50d58e24b4b7a9bca75257a","0.656","","","","","pt","1.1","","","","","","https://lolaaviamentos.com.br/produtos/","2026-07-23 13:55:15"
"https://lolaaviamentos.com.br/produtos/kit-fita-dupla-face-19mm-x-30m-fd-01/","text/html; charset=UTF-8","200","OK","Non-Indexable","Canonicalised","Fita Dupla Face  - Alta Aderência Lola","38","328","Fita dupla face Lola com alta viscosidade, ideal para bordados, calçados e pisos. Compre e garanta fixação segura e duradoura!","126","790","","0","Kit Fita Dupla Face 19mm x 30m FD-01","36","Total: R$0,00","13","R$97,35","7","","","","https://www.lolaaviamentos.com.br/produtos/kit-fita-dupla-face-19mm-x-30m-fd-01/","","","","","","1161761","151432","151432","58.011","","1008","297","3.394","80.938","Easy","0.584","1","2","","33","3","0","2.110","121","46","0","19","10","0","","","","","c3b4f57ff906d396506e1dd6ff1407b","0.703","Thu, 23 Jul 2026 16:55:16 GMT","","","","pt","1.1","","","","","","https://lolaaviamentos.com.br/produtos/kit-fita-dupla-face-19mm-x-30m-fd-01/","2026-07-23 13:55:15"
"https://www.lolaaviamentos.com.br/produtos/tecido-suede-160g/","text/html; charset=UTF-8","200","OK","Indexable","","Tecido Suede","12","121","Descubra o Tecido Suede, macio e resistente, ideal para estofados e decoração. Compre agora e transforme seus projetos com elegância e durabilidade!","148","936","","0","Tecido Suede 160g","17","Total: R$0,00","13","R$247,50","8","","","","https://www.lolaaviamentos.com.br/produtos/tecido-suede-160g/","","","","","","666464","135855","135855","52.043","","897","247","3.632","73.467","Fairly Easy","0.901","1","2","","50","9","0","6.340","104","39","0","23","14","0","","","","","b93262562be32318b21855d648d099a5","0.604","Thu, 23 Jul 2026 16:55:16 GMT","","","","pt","1.1","","","","","","https://www.lolaaviamentos.com.br/produtos/tecido-suede-160g/","2026-07-23 13:55:16"
"https://lolaaviamentos.com.br/contato/","text/html; charset=UTF-8","200","OK","Non-Indexable","Canonicalised","Contato - Lola Aviamentos - Entretelas para confecções e insumos para Bonés","75","698","","0","0","","0","Contato","7","Total: R$0,00","13","","0","","","","https://www.lolaaviamentos.com.br/contato/","","","","","","364142","81977","81977","31.404","","456","144","3.167","69.671","Normal","0.882","1","1","","44","32","0","22.540","79","36","0","15","6","0","","","","","5021947375e01616dac32f088f6a5caf","0.529","","","","","pt","1.1","","","","","","https://lolaaviamentos.com.br/contato/","2026-07-23 13:55:16"
"https://www.lolaaviamentos.com.br/produtos/entretela-para-bordado-toque-macio-40g-90cm-100m/","text/html; charset=UTF-8","200","OK","Indexable","","Entretela Não Tecido para Bordado Toque Macio 40g 90cm x 100m","61","595","A entretela para bordado de toque macio proporciona uma ótima definição aos bordados, e tem foco na área de vestuário feminino e infantil.","138","868","","0","Entretela Não Tecido para Bordado Toque Macio 40g Lepo-40","57","Total: R$0,00","13","R$55,30","7","","","","https://www.lolaaviamentos.com.br/produtos/entretela-para-bordado-toque-macio-40g-90cm-100m/","","","","","","806057","143864","143864","55.112","","1038","295","3.519","72.207","Fairly Easy","0.881","1","2","","49","5","0","3.520","130","44","0","22","13","0","","","","","d4bafaba0c0c5f3b4cf6816cbaadd7cd","0.578","Thu, 23 Jul 2026 16:55:16 GMT","","","","pt","1.1","","","","","","https://www.lolaaviamentos.com.br/produtos/entretela-para-bordado-toque-macio-40g-90cm-100m/","2026-07-23 13:55:16"
"https://www.lolaaviamentos.com.br/entretela-de-memoria/","text/html; charset=UTF-8","200","OK","Indexable","","Entretela de Memória Termocolante","33","323","Compre entretelas de memória termocolantes em várias gramaturas e cores. Ideal para estruturar bonés, bolsas, roupas e evitar deformações.","138","880","","0","Entretela de Memória","20","Total: R$0,00","13","","0","","","","https://www.lolaaviamentos.com.br/entretela-de-memoria/","","","","","","556622","95366","95366","36.533","","660","231","2.857","71.780","Fairly Easy","0.861","1","1","","326","142","0","100.000","120","42","0","14","6","0","","","","","2443ef46711fe3a45d4d56315fb2d868","0.185","Thu, 23 Jul 2026 16:55:17 GMT","","","","pt","1.1","","","","","","https://www.lolaaviamentos.com.br/entretela-de-memoria/","2026-07-23 13:55:17"
"https://www.lolaaviamentos.com.br/bordado1/","text/html; charset=UTF-8","200","OK","Indexable","","Bordado","7","74","Compre online Bordado por R$1,10. Temos entretela não tecido para bordado rasgável 70g lec-70, entretela não tecido para bordado rasgável 50g lec-50 e mais. Faça seu pedido e pague...","183","1158","","0","Bordado","7","Total: R$0,00","13","","0","","","","https://www.lolaaviamentos.com.br/bordado1/","","","","","","943414","131534","131534","50.388","","995","295","3.373","99.426","Very Easy","0.792","1","1","","361","142","0","100.000","153","47","0","14","6","0","","","","","38f314f13bb1568de50e15da50d2a20b","0.201","Thu, 23 Jul 2026 16:55:17 GMT","","","","pt","1.1","","","","","","https://www.lolaaviamentos.com.br/bordado1/","2026-07-23 13:55:17"
"https://lolaaviamentos.com.br/entretela-de-memoria/branca/","text/html; charset=UTF-8","200","OK","Non-Indexable","Canonicalised","Branca","6","62","Compre online Branca por R$171,90. Temos entretela cavalinho de memória termocolante branca 280g, entretela cavalinho de memória termocolante branca 220g e mais. Faça seu pedido e p...","184","1190","","0","Branca","6","Total: R$0,00","13","","0","","","","https://www.lolaaviamentos.com.br/entretela-de-memoria/branca/","","","","","","459602","90531","90531","34.681","","542","181","2.994","72.369","Fairly Easy","0.862","1","2","","85","33","0","23.240","98","40","0","14","6","0","","","","","be327148623ad814a2ddcfa101edead5","0.182","Thu, 23 Jul 2026 16:55:18 GMT","","","","pt","1.1","","","","","","https://lolaaviamentos.com.br/entretela-de-memoria/branca/","2026-07-23 13:55:18"
"https://lolaaviamentos.com.br/liquidacao/","text/html; charset=UTF-8","200","OK","Non-Indexable","Canonicalised","Liquidação","10","97","Compre online Liquidação por R$39,90. Temos entretela não tecido para bordado rasgável 70g lec-70, botão de forrar / encapar para boné 13 mm 1.000 un. e mais. Faça seu pedido e pague-o...","187","1190","","0","Liquidação","10","Total: R$0,00","13","","0","","","","https://www.lolaaviamentos.com.br/liquidacao/","","","","","","997883","120148","120148","46.026","","901","260","3.465","99.093","Very Easy","0.628","1","1","","97","33","0","23.240","123","44","0","14","6","0","","","","","82a43e60ff28eed455fb4a622361a17","0.214","Thu, 23 Jul 2026 16:55:18 GMT","","","","pt","1.1","","","","","","https://lolaaviamentos.com.br/liquidacao/","2026-07-23 13:55:17"
"https://lolaaviamentos.com.br/entretela-alfaiataria/tnt-termocolante/","text/html; charset=UTF-8","200","OK","Non-Indexable","Canonicalised","TNT Termocolante","16","168","Compre online TNT Termocolante por R$180,00. Temos entretela de tnt (micro ponto) termocolante 70g lab-407/408, entretela de tnt (micro ponto) termocolante 40g lab-403/404 e mais. Faça seu pe...","194","1238","","0","TNT Termocolante","16","Total: R$0,00","13","","0","","","","https://www.lolaaviamentos.com.br/entretela-alfaiataria/tnt-termocolante/","","","","","","578044","103983","103983","39.834","","633","200","3.165","80.799","Easy","0.840","1","2","","89","33","0","23.240","108","42","0","14","6","0","","","","","bfa5937dd43ca7d1a66411a3684eb61e","0.189","Thu, 23 Jul 2026 16:55:18 GMT","","","","pt","1.1","","","","","","https://lolaaviamentos.com.br/entretela-alfaiataria/tnt-termocolante/","2026-07-23 13:55:18"
"https://www.lolaaviamentos.com.br/produtos/filme-hidrossoluvel-para-bordado-40g-fh-10-15sed/","text/html; charset=UTF-8","200","OK","Indexable","","Filme Hidrossolúvel para Bordado 40g - Limpeza Fácil e Suave","60","554","Filme hidrossolúvel FH-10 para bordados, dissolve em água e facilita a limpeza. Preserve a leveza e conforto da sua peça. Compre agora!","135","843","","0","Filme Hidrossolúvel para Bordado 40g FH-10","42","Total: R$0,00","13","R$125,90","8","","","","https://www.lolaaviamentos.com.br/produtos/filme-hidrossoluvel-para-bordado-40g-fh-10-15sed/","","","","","","687482","138574","138574","53.085","","857","235","3.647","73.124","Fairly Easy","0.860","1","2","","69","16","0","11.270","99","38","0","21","12","0","","","","","beca11886a563eec2e57cfdbd2e3e8f4","0.079","Thu, 23 Jul 2026 15:08:04 GMT","","","","pt","1.1","","","","","","https://www.lolaaviamentos.com.br/produtos/filme-hidrossoluvel-para-bordado-40g-fh-10-15sed/","2026-07-23 13:55:18"
"https://lolaaviamentos.com.br/insumos-para-bones/tela/","text/html; charset=UTF-8","200","OK","Non-Indexable","Canonicalised","Tela","4","39","Compre online Tela por R$259,90. Temos tela de poliéster lt 105g, tela de poliéster mesh e mais. Faça seu pedido e pague-o online.","130","799","","0","Tela","4","Total: R$0,00","13","","0","","","","https://www.lolaaviamentos.com.br/insumos-para-bones/tela/","","","","","","709307","98595","98595","37.770","","621","192","3.234","81.352","Easy","0.626","1","2","","88","33","0","23.240","100","40","0","14","6","0","","","","","159d996f085f2a38852f6a91a752c955","0.493","Thu, 23 Jul 2026 16:55:19 GMT","","","","pt","1.1","","","","","","https://lolaaviamentos.com.br/insumos-para-bones/tela/","2026-07-23 13:55:18"
"https://lolaaviamentos.com.br/entretela-alfaiataria/tecido-plano/","text/html; charset=UTF-8","200","OK","Non-Indexable","Canonicalised","Tecido Plano","12","116","Compre online Tecido Plano por R$91,90. Temos entretela de tecido plano termocolante 30g lab-101/102, entretelas tecido de algodão termocolante etp e mais. Faça seu pedido e pague-o onli...","189","1190","","0","Tecido Plano","12","Total: R$0,00","13","","0","","","","https://www.lolaaviamentos.com.br/entretela-alfaiataria/tecido-plano/","","","","","","582585","101513","101513","38.888","","646","191","3.382","86.848","Easy","0.797","1","2","","88","33","0","23.240","100","40","0","14","6","0","","","","","16fcb7c7169aad2fe91a5afbdbca4c8e","0.193","Thu, 23 Jul 2026 16:55:19 GMT","","","","pt","1.1","","","","","","https://lolaaviamentos.com.br/entretela-alfaiataria/tecido-plano/","2026-07-23 13:55:19"
"https://lolaaviamentos.com.br/bordado1/","text/html; charset=UTF-8","200","OK","Non-Indexable","Canonicalised","Bordado","7","74","Compre online Bordado por R$1,10. Temos entretela não tecido para bordado rasgável 70g lec-70, entretela não tecido para bordado rasgável 50g lec-50 e mais. Faça seu pedido e pague...","183","1158","","0","Bordado","7","Total: R$0,00","13","","0","","","","https://www.lolaaviamentos.com.br/bordado1/","","","","","","943246","131464","131464","50.361","","995","295","3.373","99.426","Very Easy","0.792","1","1","","52","9","0","6.340","153","54","0","14","6","0","","","","","c550f362f164821f31fe1901c6b4712f","0.638","Thu, 23 Jul 2026 16:55:19 GMT","","","","pt","1.1","","","","","","https://lolaaviamentos.com.br/bordado1/","2026-07-23 13:55:19"
"https://lolaaviamentos.com.br/insumos-para-bones/vies1/","text/html; charset=UTF-8","200","OK","Non-Indexable","Canonicalised","Viés","4","39","Compre online Viés por R$77,70. Temos viés tecido fosco 20mm, viés tecido fosco 55mm - carneira e mais. Faça seu pedido e pague-o online.","137","867","","0","Viés","4","Total: R$0,00","13","","0","","","","https://www.lolaaviamentos.com.br/insumos-para-bones/vies1/","","","","","","837315","98441","98441","37.711","","597","191","3.126","75.700","Fairly Easy","0.519","1","2","","87","33","0","23.240","100","40","0","14","6","0","","","","","ed66b798ef033e031c8f4bbb44c27d00","0.554","Thu, 23 Jul 2026 16:55:20 GMT","","","","pt","1.1","","","","","","https://lolaaviamentos.com.br/insumos-para-bones/vies1/","2026-07-23 13:55:19"
"https://www.lolaaviamentos.com.br/","text/html; charset=UTF-8","200","OK","Indexable","","Lola Aviamentos - Entretelas para confecções e insumos para Bonés","65","611","Aqui você vai encontrar uma ampla gama de acessórios e entretelas para bordado, termocolantes para patchwork, apliques e insumos para bonés.","140","907","","0","Lola Aviamentos - Entretelas para confecções e insumos para Bonés","65","Total: R$0,00","13","Mais vendidos","13","","","","https://www.lolaaviamentos.com.br/","","","","","","1103785","135676","135676","51.975","","836","316","2.646","77.756","Fairly Easy","0.576","1","0","","589","142","0","100.000","165","57","0","15","6","0","","","","","3f53435ad5be78a75f4ba419f1ff8200","0.080","Thu, 23 Jul 2026 14:47:11 GMT","","","","pt","1.1","","","","","","https://www.lolaaviamentos.com.br/","2026-07-23 13:55:20"
"https://lolaaviamentos.com.br/entretela-alfaiataria/entretelas-de-malha/","text/html; charset=UTF-8","200","OK","Non-Indexable","Canonicalised","Entretelas de Malha","19","178","Compre online Entretelas de Malha por R$180,00. Temos entretela de malha termocolante 40g lab-501/502, entretela de malha termocolante 60g lab-203/204 e mais. Faça seu pedido e pague-o online.","192","1235","","0","Entretelas de Malha","19","Total: R$0,00","13","","0","","","","https://www.lolaaviamentos.com.br/entretela-alfaiataria/entretelas-de-malha/","","","","","","665636","103494","103494","39.647","","704","231","3.048","83.932","Easy","0.785","1","2","","93","33","0","23.240","121","45","0","14","6","0","","","","","4eb6478fdc98e0201ae24bb8f30d9dec","0.499","Thu, 23 Jul 2026 16:55:20 GMT","","","","pt","1.1","","","","","","https://lolaaviamentos.com.br/entretela-alfaiataria/entretelas-de-malha/","2026-07-23 13:55:20"
"https://lolaaviamentos.com.br/cdn-cgi/l/email-protection","text/html","404","Not Found","Non-Indexable","Client Error","","0","0","","0","0","","0","","0","","0","","0","","","","","","","","","","0","0","0","0.000","","0","","","","","0.000","1","2","","65","32","0","22.540","0","0","0","0","0","0","","","","","","0.027","","","","","","1.1","","","","","","https://lolaaviamentos.com.br/cdn-cgi/l/email-protection","2026-07-23 13:55:21"
"https://lolaaviamentos.com.br/insumos-para-bones/aba-plastica/","text/html; charset=UTF-8","200","OK","Non-Indexable","Canonicalised","Aba Plástica","12","112","Compre online Aba Plástica por R$435,90. Temos aba plástica para boné curva 19,6kg ab-60, aba plástica para boné curva 20kg ab-230 e mais. Faça seu pedido e pague-o online.","172","1099","","0","Aba Plástica","12","Total: R$0,00","13","","0","","","","https://www.lolaaviamentos.com.br/insumos-para-bones/aba-plastica/","","","","","","481796","92069","92069","35.270","","558","188","2.968","75.103","Fairly Easy","0.826","1","2","","87","33","0","23.240","103","41","0","14","6","0","","","","","ff75f13c0bd838550a120afbd0471d9e","0.443","Thu, 23 Jul 2026 16:55:21 GMT","","","","pt","1.1","","","","","","https://lolaaviamentos.com.br/insumos-para-bones/aba-plastica/","2026-07-23 13:55:21"
"https://lolaaviamentos.com.br/entretela-alfaiataria/algodao/","text/html; charset=UTF-8","200","OK","Non-Indexable","Canonicalised","Algodão","7","73","Compre online Algodão por R$112,90. Temos Entretelas Tecido de Algodão Termocolante ETP e mais. Faça seu pedido e pague-o online.","129","839","","0","Algodão","7","Total: R$0,00","13","","0","","","","https://www.lolaaviamentos.com.br/entretela-alfaiataria/algodao/","","","","","","487595","93424","93424","35.789","","527","163","3.233","77.376","Fairly Easy","0.779","1","2","","81","33","0","23.240","88","38","0","14","6","0","","","","","961cad93ce3b382cfaca96615f9b81d6","0.264","Thu, 23 Jul 2026 16:55:21 GMT","","","","pt","1.1","","","","","","https://lolaaviamentos.com.br/entretela-alfaiataria/algodao/","2026-07-23 13:55:21"
"https://lolaaviamentos.com.br/account/login/","","0","Blocked by robots.txt","Non-Indexable","Blocked by robots.txt","","0","0","","0","0","","0","","0","","0","","0","","","","","","","","","","0","0","0","0.000","","0","","","","","0.000","1","2","","64","32","0","22.540","0","0","0","0","0","0","","","","","","","","","","","","None","","","","","","https://lolaaviamentos.com.br/account/login/","2026-07-23 13:55:22"
"https://lolaaviamentos.com.br/entretela-alfaiataria/","text/html; charset=UTF-8","200","OK","Non-Indexable","Canonicalised","Entretelas para Alfaiataria","27","234","Variedade de filmes hidrossolúveis, termossolúveis e termocolante para patch.","77","484","","0","Alfaiataria","11","Total: R$0,00","13","","0","","","","https://www.lolaaviamentos.com.br/entretela-alfaiataria/","","","","","","944346","130613","130613","50.035","","1048","304","3.447","99.200","Very Easy","0.832","1","1","","52","9","0","6.340","151","53","0","14","6","0","","","","","c0cc8ea28d04577c2e884e30b7b6bb10","0.558","Thu, 23 Jul 2026 16:55:22 GMT","","","","pt","1.1","","","","","","https://lolaaviamentos.com.br/entretela-alfaiataria/","2026-07-23 13:55:21"
"https://www.lolaaviamentos.com.br/produtos/entretela-de-tnt-micro-ponto-termocolante-70g-lab-407-408/","text/html; charset=UTF-8","200","OK","Indexable","","Entretela Termocolante Leve 50g","31","297","Entretela tecido termocolante leve 50g , ideal para reforço e acabamento profissional em roupas. Compre agora e garanta qualidade e durabilidade!","145","909","","0","Entretela de TNT (Micro Ponto) Termocolante 70g Lab-407/408","59","Total: R$0,00","13","R$55,90","7","","","","https://www.lolaaviamentos.com.br/produtos/entretela-de-tnt-micro-ponto-termocolante-70g-lab-407-408/","","","","","","741492","143485","143485","54.966","","937","262","3.576","72.107","Fairly Easy","0.898","1","2","","69","12","0","8.450","111","40","0","23","14","0","","","","","d1daecfbead867b2edf491628180316e","0.655","Thu, 23 Jul 2026 16:55:22 GMT","","","","pt","1.1","","","","","","https://www.lolaaviamentos.com.br/produtos/entretela-de-tnt-micro-ponto-termocolante-70g-lab-407-408/","2026-07-23 13:55:21"
"https://lolaaviamentos.com.br/bordado1/filmes/","text/html; charset=UTF-8","200","OK","Non-Indexable","Canonicalised","Filmes","6","60","Compre online Filmes por . Temos filme plástico mágico para bordado 45g, filme hidrossolúvel para bordado 40g fh-10 e mais. Faça seu pedido e pague-o online.","157","988","","0","Filmes","6","Total: R$0,00","13","","0","","","","https://www.lolaaviamentos.com.br/bordado1/filmes/","","","","","","483631","94429","94429","36.174","","574","180","3.189","82.741","Easy","0.846","1","2","","85","33","0","23.240","98","40","0","14","6","0","","","","","1cce83f64f5a208b92cc9f88ea3f106","0.180","Thu, 23 Jul 2026 16:55:22 GMT","","","","pt","1.1","","","","","","https://lolaaviamentos.com.br/bordado1/filmes/","2026-07-23 13:55:22"
"https://lolaaviamentos.com.br/insumos-para-bones/","text/html; charset=UTF-8","200","OK","Non-Indexable","Canonicalised","Insumos para Bonés","18","181","Aqui você encontra grande variedades de insumos para confecção de bonés.","72","474","","0","Insumos para Bonés","18","Total: R$0,00","13","","0","","","","https://www.lolaaviamentos.com.br/insumos-para-bones/","","","","","","1328606","124725","124725","47.780","","919","303","3.033","88.870","Easy","0.484","1","1","","49","10","0","7.040","149","54","0","14","6","0","","","","","c5328db3772ca80ecefa207103606604","0.089","Thu, 23 Jul 2026 14:57:52 GMT","","","","pt","1.1","","","","","","https://lolaaviamentos.com.br/insumos-para-bones/","2026-07-23 13:55:22"
"https://lolaaviamentos.com.br/produtos/tela-de-poliester-mesh-7dmsd/","text/html; charset=UTF-8","200","OK","Non-Indexable","Canonicalised","Tela de Poliéster Mesh: Leve, Resistente e Respirável","53","476","Tela de Poliéster Mesh oferece leveza, ventilação e resistência ideal para vestuário e acessórios. Compre agora e garanta conforto e qualidade!","143","878","","0","Tela de Poliéster Mesh","22","Total: R$0,00","13","R$269,90","8","","","","https://www.lolaaviamentos.com.br/produtos/tela-de-poliester-mesh-7dmsd/","","","","","","828890","138041","138041","52.881","","965","252","3.829","70.744","Fairly Easy","0.794","1","2","","29","3","0","2.110","100","40","0","22","13","0","","","","","e3689eb599613b8c4549a294c83603f1","0.524","Thu, 23 Jul 2026 16:55:23 GMT","","","","pt","1.1","","","","","","https://lolaaviamentos.com.br/produtos/tela-de-poliester-mesh-7dmsd/","2026-07-23 13:55:22"
"https://lolaaviamentos.com.br/bordado1/termocolante/","text/html; charset=UTF-8","200","OK","Non-Indexable","Canonicalised","Entretelas Termocolantes","24","231","As entretelas termocolantes possuem vasta utilização como estrutura para fardamentos e camisarias, forros, acabamentos em bordados, etc.","136","881","","0","Termocolante","12","Total: R$0,00","13","","0","","","","https://www.lolaaviamentos.com.br/bordado1/termocolante/","","","","","","567646","95956","95956","36.759","","648","210","3.086","74.584","Fairly Easy","0.839","1","2","","91","33","0","23.240","113","43","0","14","6","0","","","","","bf32a72cd2b044519f4a71ce1ae834c1","0.593","Thu, 23 Jul 2026 16:55:23 GMT","","","","pt","1.1","","","","","","https://lolaaviamentos.com.br/bordado1/termocolante/","2026-07-23 13:55:23"
"https://www.lolaaviamentos.com.br/insumos-para-bones/","text/html; charset=UTF-8","200","OK","Indexable","","Insumos para Bonés","18","181","Aqui você encontra grande variedades de insumos para confecção de bonés.","72","474","","0","Insumos para Bonés","18","Total: R$0,00","13","","0","","","","https://www.lolaaviamentos.com.br/insumos-para-bones/","","","","","","1328774","124712","124712","47.775","","919","303","3.033","88.870","Easy","0.484","1","1","","349","142","0","100.000","149","47","0","14","6","0","","","","","4417dd54e76f7ed8e6ae2115e996cd00","0.219","Thu, 23 Jul 2026 16:55:23 GMT","","","","pt","1.1","","","","","","https://www.lolaaviamentos.com.br/insumos-para-bones/","2026-07-23 13:55:23"
"https://www.lolaaviamentos.com.br/produtos/entretela-de-tnt-micro-ponto-termocolante-60g-lab-409-410/","text/html; charset=UTF-8","200","OK","Indexable","","Entretela de TNT (Micro Ponto) Termocolante 60g Lab-409/410","59","564","As Entretelas de Alfaiataria LAB são essenciais para quem busca durabilidade, reforço e um acabamento profissional em peças como blazers, vestidos, bonés, go...","160","1007","","0","Entretela de TNT (Micro Ponto) Termocolante 60g Lab-409/410","59","Total: R$0,00","13","R$52,00","7","","","","https://www.lolaaviamentos.com.br/produtos/entretela-de-tnt-micro-ponto-termocolante-60g-lab-409-410/","","","","","","741478","142916","142916","54.748","","937","262","3.576","72.107","Fairly Easy","0.898","1","2","","63","12","0","8.450","111","40","0","23","14","0","","","","","ab34de19a1045f2391cc8a87093e00d9","0.081","Thu, 23 Jul 2026 14:58:47 GMT","","","","pt","1.1","","","","","","https://www.lolaaviamentos.com.br/produtos/entretela-de-tnt-micro-ponto-termocolante-60g-lab-409-410/","2026-07-23 13:55:24"
"https://lolaaviamentos.com.br/account/reset","","0","Blocked by robots.txt","Non-Indexable","Blocked by robots.txt","","0","0","","0","0","","0","","0","","0","","0","","","","","","","","","","0","0","0","0.000","","0","","","","","0.000","1","1","","32","32","0","22.540","0","0","0","0","0","0","","","","","","","","","","","","None","","","","","","https://lolaaviamentos.com.br/account/reset","2026-07-23 13:55:25"
"https://lolaaviamentos.com.br/bordado1/hidrossoluvel/","text/html; charset=UTF-8","200","OK","Non-Indexable","Canonicalised","Entretela Hidrossolúvel","23","207","As entretelas hidrossolúveis podem ser dissolvidas em água fria ou quente, a vantagem é a facilidade de limpeza do bordado.","123","771","","0","Hidrossolúvel","13","Total: R$0,00","13","","0","","","","https://www.lolaaviamentos.com.br/bordado1/hidrossoluvel/","","","","","","543728","100956","100956","38.674","","626","188","3.330","84.664","Easy","0.832","1","2","","87","33","0","23.240","100","40","0","14","6","0","","","","","722057368399cb318d8785222e76b762","0.200","Thu, 23 Jul 2026 16:55:24 GMT","","","","pt","1.1","","","","","","https://lolaaviamentos.com.br/bordado1/hidrossoluvel/","2026-07-23 13:55:24"
"https://www.lolaaviamentos.com.br/produtos/tela-de-poliester-105g-155-100m/","text/html; charset=UTF-8","200","OK","Indexable","","Tela de Poliéster 105g 1,55 x 100m","34","313","A tela de poliéster Lola possui variedade de cores e é muito utilizada na confecção de bonés, bolsos laterais de mochilas, necessaires e outros.","144","873","","0","Tela de Poliéster LT 105g","25","Total: R$0,00","13","R$999,90","8","","","","https://www.lolaaviamentos.com.br/produtos/tela-de-poliester-105g-155-100m/","","","","","","1038504","144241","144241","55.256","","867","250","3.468","77.927","Fairly Easy","0.565","1","2","","80","19","0","13.380","101","38","0","35","26","0","","","","","24ef149494f9ea570040e9ca6aebd11a","0.095","Thu, 23 Jul 2026 16:08:02 GMT","","","","pt","1.1","","","","","","https://www.lolaaviamentos.com.br/produtos/tela-de-poliester-105g-155-100m/","2026-07-23 13:55:24"
"https://www.lolaaviamentos.com.br/trocas-devolucoes/","text/html; charset=UTF-8","200","OK","Indexable","","Trocas e Devoluções","19","185","  Condições gerais As ocorrências que envolvam troca ou devolução devem ser comunicadas sempre à nossa CENTRAL DE ATENDIMENTO, a qual orientará você sobre os...","160","1053","","0","Trocas e Devoluções","19","Total: R$0,00","13","","0","","","","https://www.lolaaviamentos.com.br/trocas-devolucoes/","","","","","","367492","83993","83993","32.176","","1350","243","5.556","38.388","Hard","2.450","1","1","","154","142","0","100.000","78","35","0","14","6","0","","","","","abee6b60f305319eccabcb796ca0b9c9","0.461","","","","","pt","1.1","","","","","","https://www.lolaaviamentos.com.br/trocas-devolucoes/","2026-07-23 13:55:25"
"https://lolaaviamentos.com.br/cdn-cgi/scripts/5c5dd728/cloudflare-static/email-decode.min.js","application/javascript","200","OK","Indexable","","","0","0","","0","0","","0","","0","","0","","0","","","","","","","","","","0","0","0","0.000","","0","","","","","0.000","1","4","","0","0","0","0.000","0","0","0","0","0","0","","","","","","0.051","","","","","","1.1","","","","","","https://lolaaviamentos.com.br/cdn-cgi/scripts/5c5dd728/cloudflare-static/email-decode.min.js","2026-07-23 13:55:26"
"https://www.lolaaviamentos.com.br/produtos/regulador-plastico-para-bone-1000-un/","text/html; charset=UTF-8","200","OK","Indexable","","Regulador Plástico para Boné 1.000 unidades","43","402","Conheça os reguladores plásticos para bonés snapback. Compostos de material não-reciclado, possuem inúmeras vantagens.","118","781","","0","Regulador Plástico Proflex para Boné 1.000 und.","47","Total: R$0,00","13","R$189,90","8","","","","https://www.lolaaviamentos.com.br/produtos/regulador-plastico-para-bone-1000-un/","","","","","","635169","128617","128617","49.271","","901","231","3.900","68.793","Normal","0.945","1","2","","70","17","0","11.970","91","36","0","27","18","0","","","","","7c00eaa0952ce6c58eaee5f0285a0e9d","0.609","Thu, 23 Jul 2026 16:55:25 GMT","","","","pt","1.1","","","","","","https://www.lolaaviamentos.com.br/produtos/regulador-plastico-para-bone-1000-un/","2026-07-23 13:55:25"
"https://lolaaviamentos.com.br/bordado1/rasgo-facil/","text/html; charset=UTF-8","200","OK","Non-Indexable","Canonicalised","Rasgo Fácil","11","102","Compre online Rasgo Fácil por R$49,90. Temos entretela não tecido para bordado rasgável 70g lec-70, entretela não tecido para bordado rasgável 50g lec-50 e mais. Faça seu pedido e pague...","188","1184","","0","Rasgo Fácil","11","Total: R$0,00","13","","0","","","","https://www.lolaaviamentos.com.br/bordado1/rasgo-facil/","","","","","","840170","125813","125813","48.197","","805","238","3.382","92.003","Very Easy","0.774","1","2","","98","33","0","23.240","125","45","0","14","6","0","","","","","fda90ada438da82a926612e0ac9fa0cf","0.214","Thu, 23 Jul 2026 16:55:25 GMT","","","","pt","1.1","","","","","","https://lolaaviamentos.com.br/bordado1/rasgo-facil/","2026-07-23 13:55:25"
"https://lolaaviamentos.com.br/entretela-de-memoria/preta/","text/html; charset=UTF-8","200","OK","Non-Indexable","Canonicalised","Preta","5","49","Compre online Preta por R$261,90. Temos Entretela Cavalinho de Memória Termocolante Preta 290g e mais. Faça seu pedido e pague-o online.","136","882","","0","Preta","5","Total: R$0,00","13","","0","","","","https://www.lolaaviamentos.com.br/entretela-de-memoria/preta/","","","","","","408556","88468","88468","33.890","","497","159","3.126","71.741","Fairly Easy","0.883","1","2","","81","33","0","23.240","88","38","0","14","6","0","","","","","f05630178a8a15e304d86b73a27a3158","0.221","Thu, 23 Jul 2026 16:55:26 GMT","","","","pt","1.1","","","","","","https://lolaaviamentos.com.br/entretela-de-memoria/preta/","2026-07-23 13:55:26"
"https://lolaaviamentos.com.br/maquinas-acessorios/","text/html; charset=UTF-8","200","OK","Non-Indexable","Canonicalised","Máquinas para Confecção","23","232","Conheça a variedade de máquinas Lola Soluções voltados para a área da confecção de bonés e vestuário!","101","654","","0","Máquinas e Acessórios","21","Total: R$0,00","13","","0","","","","https://www.lolaaviamentos.com.br/maquinas-acessorios/","","","","","","545200","94473","94473","36.191","","603","204","2.956","69.429","Normal","0.794","1","1","","81","33","0","23.240","113","46","0","14","6","0","","","","","95a5c963db794d43daa7d51d3a59dde0","0.604","Thu, 23 Jul 2026 16:55:26 GMT","","","","pt","1.1","","","","","","https://lolaaviamentos.com.br/maquinas-acessorios/","2026-07-23 13:55:26"
"https://www.lolaaviamentos.com.br/entretela-alfaiataria/","text/html; charset=UTF-8","200","OK","Indexable","","Entretelas para Alfaiataria","27","234","Variedade de filmes hidrossolúveis, termossolúveis e termocolante para patch.","77","484","","0","Alfaiataria","11","Total: R$0,00","13","","0","","","","https://www.lolaaviamentos.com.br/entretela-alfaiataria/","","","","","","944514","130648","130648","50.049","","1048","304","3.447","99.200","Very Easy","0.832","1","1","","353","142","0","100.000","151","47","0","14","6","0","","","","","49b59358a74139556826d87b2c5f3408","0.115","Thu, 23 Jul 2026 14:55:19 GMT","","","","pt","1.1","","","","","","https://www.lolaaviamentos.com.br/entretela-alfaiataria/","2026-07-23 13:55:26"
"https://lolaaviamentos.com.br/produtos/entretelas-tecido-de-algodao-termocolante-etp-15m-x-100m/","text/html; charset=UTF-8","200","OK","Non-Indexable","Canonicalised","Entretelas de Algodão Termocolante","34","326","Entretela 100% algodão termocolante ideal para colarinhos e golas. Toque e dureza variados para acabamento sofisticado. Compre e eleve seu projeto!","147","933","","0","Entretelas Tecido de Algodão Termocolante ETP","45","Total: R$0,00","13","R$112,90","8","","","","https://www.lolaaviamentos.com.br/produtos/entretelas-tecido-de-algodao-termocolante-etp-15m-x-100m/","","","","","","781829","144001","144001","55.164","","902","247","3.652","72.852","Fairly Easy","0.795","1","2","","29","3","0","2.110","100","40","0","22","13","0","","","","","1f118f3636f062b50ec202a9aaceb5ea","0.588","Thu, 23 Jul 2026 16:55:27 GMT","","","","pt","1.1","","","","","","https://lolaaviamentos.com.br/produtos/entretelas-tecido-de-algodao-termocolante-etp-15m-x-100m/","2026-07-23 13:55:26"
"https://www.lolaaviamentos.com.br/produtos/https-www-lolaaviamentos-com-br-acessorios/","text/html; charset=UTF-8","200","OK","Indexable","","Aparelho de Bronze para Viés 25 e 30mm - Ajuste Preciso","55","514","Aparelho de bronze ideal para aplicar viés de 25 e 30mm em bonés, garantindo costura perfeita. Aproveite e ajuste seu trabalho com precisão!","140","874","","0","Aparelho de Bronze","18","Total: R$0,00","13","R$2.200,00","10","","","","https://www.lolaaviamentos.com.br/produtos/https-www-lolaaviamentos-com-br-acessorios/","","","","","","677404","132383","132383","50.713","","852","264","3.227","75.964","Fairly Easy","0.840","1","2","","73","18","0","12.680","114","44","0","21","12","0","","","","","b910e5b13def6b35cbbac6f4031fc35b","0.682","Thu, 23 Jul 2026 16:55:27 GMT","","","","pt","1.1","","","","","","https://www.lolaaviamentos.com.br/produtos/https-www-lolaaviamentos-com-br-acessorios/","2026-07-23 13:55:27"
"https://www.lolaaviamentos.com.br/produtos/botao-de-forrar-encapar-para-bone-15mm-1000un/","text/html; charset=UTF-8","200","OK","Indexable","","Botão de Forrar / Encapar para Boné 15mm 1.000un.","49","467","O botão de forrar ou botão de encapar para boné Lola, é aplicado na parte superior do boné utilizando um método de fixação inovador.","132","832","","0","Botão de Forrar / Encapar para Boné 13 mm 1.000 un.","51","Total: R$0,00","13","R$54,90","7","","","","https://www.lolaaviamentos.com.br/produtos/botao-de-forrar-encapar-para-bone-15mm-1000un/","","","","","","1234102","154302","154302","59.110","","1016","302","3.364","82.266","Easy","0.551","1","2","","65","10","0","7.040","130","44","0","19","10","0","","","","","3309608dd969b04ee578253403b75f02","0.201","Thu, 23 Jul 2026 14:57:54 GMT","","","","pt","1.1","","","","","","https://www.lolaaviamentos.com.br/produtos/botao-de-forrar-encapar-para-bone-15mm-1000un/","2026-07-23 13:55:27"
"https://www.lolaaviamentos.com.br/produtos/entretela-hidrossoluvel-para-bordado-60g-52cm-25m/","text/html; charset=UTF-8","200","OK","Indexable","","Entretela Hidrossolúvel para Bordado 60g 52cm x 25m","51","484","A entretela hidrossolúvel podem ser dissolvida em água fria ou quente, a vantagem é a facilidade de limpeza do bordado.","119","743","","0","Entretela Hidrossolúvel para Bordado 60g Laf-60","47","Total: R$0,00","13","R$3.448,85","10","","","","https://www.lolaaviamentos.com.br/produtos/entretela-hidrossoluvel-para-bordado-60g-52cm-25m/","","","","","","707141","140260","140260","53.731","","890","266","3.346","71.501","Fairly Easy","0.873","1","2","","50","9","0","6.340","101","38","0","19","10","0","","","","","b584731198c898bd44b5ed1701f1a26d","0.757","Thu, 23 Jul 2026 16:55:28 GMT","","","","pt","1.1","","","","","","https://www.lolaaviamentos.com.br/produtos/entretela-hidrossoluvel-para-bordado-60g-52cm-25m/","2026-07-23 13:55:27"
"https://lolaaviamentos.com.br/entretela-de-memoria/","text/html; charset=UTF-8","200","OK","Non-Indexable","Canonicalised","Entretela de Memória Termocolante","33","323","Compre entretelas de memória termocolantes em várias gramaturas e cores. Ideal para estruturar bonés, bolsas, roupas e evitar deformações.","138","880","","0","Entretela de Memória","20","Total: R$0,00","13","","0","","","","https://www.lolaaviamentos.com.br/entretela-de-memoria/","","","","","","556454","94995","94995","36.391","","660","231","2.857","71.780","Fairly Easy","0.861","2","1","","31","4","0","2.820","120","47","0","14","6","0","","","","","880a5281c1bc9f39e50977dde2ac9c31","0.598","Thu, 23 Jul 2026 16:55:30 GMT","","","","pt","1.1","","","","","","https://lolaaviamentos.com.br/entretela-de-memoria/","2026-07-23 13:55:30"
"https://www.lolaaviamentos.com.br/entretela-de-memoria/cinza/","text/html; charset=UTF-8","200","OK","Indexable","","Cinza","5","50","Compre online Cinza por R$260,90. Temos entretela cavalinho de memória termocolante cinza 330g, entretela cavalinho de memória termocolante cinza 285g e mais. Faça seu pedido e pag...","183","1174","","0","Cinza","5","Total: R$0,00","13","","0","","","","https://www.lolaaviamentos.com.br/entretela-de-memoria/cinza/","","","","","","434264","89606","89606","34.326","","519","170","3.053","71.865","Fairly Easy","0.871","2","2","","241","110","0","77.460","93","37","0","14","6","0","","","","","767b12620703111dc32f756bf2c60592","0.663","Thu, 23 Jul 2026 16:55:30 GMT","","","","pt","1.1","","","","","","https://www.lolaaviamentos.com.br/entretela-de-memoria/cinza/","2026-07-23 13:55:30"
"https://www.lolaaviamentos.com.br/account/login/","","0","Blocked by robots.txt","Non-Indexable","Blocked by robots.txt","","0","0","","0","0","","0","","0","","0","","0","","","","","","","","","","0","0","0","0.000","","0","","","","","0.000","2","2","","220","110","0","77.460","0","0","0","0","0","0","","","","","","","","","","","","None","","","","","","https://www.lolaaviamentos.com.br/account/login/","2026-07-23 13:55:31"
"https://www.lolaaviamentos.com.br/produtos/entretela-cavalinho-de-memoria-termocolante-cinza-285g-16-100m/","text/html; charset=UTF-8","200","OK","Indexable","","Entretela Cavalinho de Memória Termocolante Cinza","49","471","A entretela de memória (ou entretela cavalinho) é utilizada para estruturar bonés, fardas, cortinas, vestidos, bolsas e muitos outros artigos.","142","858","","0","Entretela Cavalinho de Memória Termocolante Cinza 285g","54","Total: R$0,00","13","R$2.599,90","10","","","","https://www.lolaaviamentos.com.br/produtos/entretela-cavalinho-de-memoria-termocolante-cinza-285g-16-100m/","","","","","","590437","130227","130227","49.887","","898","256","3.508","69.591","Normal","1.022","2","2","","39","6","0","4.230","96","37","0","19","10","0","","","","","80db5e2ccb44c73c21c346a44fa623bb","0.640","Thu, 23 Jul 2026 16:55:30 GMT","","","","pt","1.1","","","","","","https://www.lolaaviamentos.com.br/produtos/entretela-cavalinho-de-memoria-termocolante-cinza-285g-16-100m/","2026-07-23 13:55:30"
"https://www.lolaaviamentos.com.br/produtos/entretela-cavalinho-de-memoria-termocolante-cinza-330g/","text/html; charset=UTF-8","200","OK","Indexable","","Entretela Cavalinho de Memória Termocolante Cinza 330g","54","520","A Entretela de Memória (também chamada de entretela cavalinho ou entretela inteligente) é regularmente utilizada para forrar e estruturar bonés, fardas farda...","160","990","","0","Entretela Cavalinho de Memória Termocolante Cinza 330g","54","Total: R$0,00","13","R$2.881,90","10","","","","https://www.lolaaviamentos.com.br/produtos/entretela-cavalinho-de-memoria-termocolante-cinza-330g/","","","","","","708862","138847","138847","53.190","","960","287","3.345","73.279","Fairly Easy","0.920","2","2","","41","7","0","4.930","104","40","0","19","10","0","","","","","5e317fa215fccf2900a4ec72d5c53ed","0.793","Thu, 23 Jul 2026 16:55:30 GMT","","","","pt","1.1","","","","","","https://www.lolaaviamentos.com.br/produtos/entretela-cavalinho-de-memoria-termocolante-cinza-330g/","2026-07-23 13:55:30"
"https://www.lolaaviamentos.com.br/insumos-para-bones/regulador-plastico/","text/html; charset=UTF-8","200","OK","Indexable","","Regulador Plástico","18","167","Compre online Regulador Plástico por R$189,90. Temos Regulador Plástico Proflex para Boné 1.000 und. e mais. Faça seu pedido e pague-o online.","142","908","","0","Regulador Plástico","18","Total: R$0,00","13","","0","","","","https://www.lolaaviamentos.com.br/insumos-para-bones/regulador-plastico/","","","","","","452004","89720","89720","34.370","","518","161","3.217","70.953","Fairly Easy","0.836","2","2","","238","110","0","77.460","88","36","0","14","6","0","","","","","ce1a47be05c20e8eb8328b5ef823656a","0.479","Thu, 23 Jul 2026 16:55:31 GMT","","","","pt","1.1","","","","","","https://www.lolaaviamentos.com.br/insumos-para-bones/regulador-plastico/","2026-07-23 13:55:30"
"https://www.lolaaviamentos.com.br/cdn-cgi/scripts/5c5dd728/cloudflare-static/email-decode.min.js","application/javascript","200","OK","Indexable","","","0","0","","0","0","","0","","0","","0","","0","","","","","","","","","","0","0","0","0.000","","0","","","","","0.000","2","4","","0","0","0","0.000","0","0","0","0","0","0","","","","","","0.040","","","","","","1.1","","","","","","https://www.lolaaviamentos.com.br/cdn-cgi/scripts/5c5dd728/cloudflare-static/email-decode.min.js","2026-07-23 13:55:31"
"https://www.lolaaviamentos.com.br/bordado1/filmes/","text/html; charset=UTF-8","200","OK","Indexable","","Filmes","6","60","Compre online Filmes por . Temos filme plástico mágico para bordado 45g, filme hidrossolúvel para bordado 40g fh-10 e mais. Faça seu pedido e pague-o online.","157","988","","0","Filmes","6","Total: R$0,00","13","","0","","","","https://www.lolaaviamentos.com.br/bordado1/filmes/","","","","","","483799","94396","94396","36.161","","574","180","3.189","82.741","Easy","0.846","2","2","","243","110","0","77.460","98","38","0","14","6","0","","","","","f6a607bcdf1a9b43b6064293deafa763","0.579","Thu, 23 Jul 2026 16:55:31 GMT","","","","pt","1.1","","","","","","https://www.lolaaviamentos.com.br/bordado1/filmes/","2026-07-23 13:55:31"
"https://www.lolaaviamentos.com.br/bordado1/hidrossoluvel/","text/html; charset=UTF-8","200","OK","Indexable","","Entretela Hidrossolúvel","23","207","As entretelas hidrossolúveis podem ser dissolvidas em água fria ou quente, a vantagem é a facilidade de limpeza do bordado.","123","771","","0","Hidrossolúvel","13","Total: R$0,00","13","","0","","","","https://www.lolaaviamentos.com.br/bordado1/hidrossoluvel/","","","","","","543896","100927","100927","38.663","","626","188","3.330","84.664","Easy","0.832","2","2","","246","110","0","77.460","100","38","0","14","6","0","","","","","c3560532986f18071a9821af455d4ce4","0.107","Thu, 23 Jul 2026 15:07:38 GMT","","","","pt","1.1","","","","","","https://www.lolaaviamentos.com.br/bordado1/hidrossoluvel/","2026-07-23 13:55:31"
"https://www.lolaaviamentos.com.br/bordado1/toque-macio/","text/html; charset=UTF-8","200","OK","Indexable","","Entretelas de Toque Macio","25","238","As entretelas não tecido de toque macio e rasgo orientado são compostas de poliéster e tem foco na área de vestuário feminino e infantil.","137","846","","0","Toque Macio","11","Total: R$0,00","13","","0","","","","https://www.lolaaviamentos.com.br/bordado1/toque-macio/","","","","","","751722","110242","110242","42.232","","799","264","3.027","79.775","Fairly Easy","0.774","2","2","","265","110","0","77.460","139","47","0","14","6","0","","","","","16e59c3ced80be047dfab169655ec519","0.773","Thu, 23 Jul 2026 16:55:31 GMT","","","","pt","1.1","","","","","","https://www.lolaaviamentos.com.br/bordado1/toque-macio/","2026-07-23 13:55:31"
"https://www.lolaaviamentos.com.br/entretela-alfaiataria/tecido-plano/","text/html; charset=UTF-8","200","OK","Indexable","","Tecido Plano","12","116","Compre online Tecido Plano por R$91,90. Temos entretela de tecido plano termocolante 30g lab-101/102, entretelas tecido de algodão termocolante etp e mais. Faça seu pedido e pague-o onli...","189","1190","","0","Tecido Plano","12","Total: R$0,00","13","","0","","","","https://www.lolaaviamentos.com.br/entretela-alfaiataria/tecido-plano/","","","","","","582906","101584","101584","38.915","","646","191","3.382","86.848","Easy","0.797","2","2","","246","110","0","77.460","100","38","0","14","6","0","","","","","6a8bb5bfa1c99dba2b78044b70792c12","0.076","Thu, 23 Jul 2026 14:58:12 GMT","","","","pt","1.1","","","","","","https://www.lolaaviamentos.com.br/entretela-alfaiataria/tecido-plano/","2026-07-23 13:55:32"
"https://www.lolaaviamentos.com.br/cdn-cgi/l/email-protection","text/html","404","Not Found","Non-Indexable","Client Error","","0","0","","0","0","","0","","0","","0","","0","","","","","","","","","","0","0","0","0.000","","0","","","","","0.000","2","2","","221","110","0","77.460","0","0","0","0","0","0","","","","","","0.029","","","","","","1.1","","","","","","https://www.lolaaviamentos.com.br/cdn-cgi/l/email-protection","2026-07-23 13:55:32"
"https://www.lolaaviamentos.com.br/bordado1/termocolante/","text/html; charset=UTF-8","200","OK","Indexable","","Entretelas Termocolantes","24","231","As entretelas termocolantes possuem vasta utilização como estrutura para fardamentos e camisarias, forros, acabamentos em bordados, etc.","136","881","","0","Termocolante","12","Total: R$0,00","13","","0","","","","https://www.lolaaviamentos.com.br/bordado1/termocolante/","","","","","","567814","95872","95872","36.727","","648","210","3.086","74.584","Fairly Easy","0.839","2","2","","248","110","0","77.460","113","41","0","14","6","0","","","","","2b24491b745f2399de80a0f0d04e001f","0.469","Thu, 23 Jul 2026 16:55:32 GMT","","","","pt","1.1","","","","","","https://www.lolaaviamentos.com.br/bordado1/termocolante/","2026-07-23 13:55:32"
"https://www.lolaaviamentos.com.br/maquinas-acessorios/","text/html; charset=UTF-8","200","OK","Indexable","","Máquinas para Confecção","23","232","Conheça a variedade de máquinas Lola Soluções voltados para a área da confecção de bonés e vestuário!","101","654","","0","Máquinas e Acessórios","21","Total: R$0,00","13","","0","","","","https://www.lolaaviamentos.com.br/maquinas-acessorios/","","","","","","545368","94456","94456","36.184","","603","204","2.956","69.429","Normal","0.794","2","1","","247","110","0","77.460","113","45","0","14","6","0","","","","","1a6b134bb48665337588a083b0e75a6b","0.613","Thu, 23 Jul 2026 16:55:32 GMT","","","","pt","1.1","","","","","","https://www.lolaaviamentos.com.br/maquinas-acessorios/","2026-07-23 13:55:32"
"https://www.lolaaviamentos.com.br/insumos-para-bones/tela/","text/html; charset=UTF-8","200","OK","Indexable","","Tela","4","39","Compre online Tela por R$259,90. Temos tela de poliéster lt 105g, tela de poliéster mesh e mais. Faça seu pedido e pague-o online.","130","799","","0","Tela","4","Total: R$0,00","13","","0","","","","https://www.lolaaviamentos.com.br/insumos-para-bones/tela/","","","","","","709475","98579","98579","37.764","","621","192","3.234","81.352","Easy","0.626","2","2","","246","110","0","77.460","100","38","0","14","6","0","","","","","399c1af815ad57782c2d9224b64c919d","0.640","Thu, 23 Jul 2026 16:55:32 GMT","","","","pt","1.1","","","","","","https://www.lolaaviamentos.com.br/insumos-para-bones/tela/","2026-07-23 13:55:32"
"https://www.lolaaviamentos.com.br/bordado1/rasgo-facil/","text/html; charset=UTF-8","200","OK","Indexable","","Rasgo Fácil","11","102","Compre online Rasgo Fácil por R$49,90. Temos entretela não tecido para bordado rasgável 70g lec-70, entretela não tecido para bordado rasgável 50g lec-50 e mais. Faça seu pedido e pague...","188","1184","","0","Rasgo Fácil","11","Total: R$0,00","13","","0","","","","https://www.lolaaviamentos.com.br/bordado1/rasgo-facil/","","","","","","840338","125802","125802","48.192","","805","238","3.382","92.003","Very Easy","0.774","2","2","","261","110","0","77.460","125","43","0","14","6","0","","","","","760574b533cecdab6ee35f4b72d84ddc","0.071","Thu, 23 Jul 2026 16:10:43 GMT","","","","pt","1.1","","","","","","https://www.lolaaviamentos.com.br/bordado1/rasgo-facil/","2026-07-23 13:55:32"
"https://www.lolaaviamentos.com.br/account/register","","0","Blocked by robots.txt","Non-Indexable","Blocked by robots.txt","","0","0","","0","0","","0","","0","","0","","0","","","","","","","","","","0","0","0","0.000","","0","","","","","0.000","2","1","","220","110","0","77.460","0","0","0","0","0","0","","","","","","","","","","","","None","","","","","","https://www.lolaaviamentos.com.br/account/register","2026-07-23 13:55:33"
"https://www.lolaaviamentos.com.br/acessorios/","text/html; charset=UTF-8","200","OK","Indexable","","Acessórios","10","98","Compre online Acessórios por R$99,90. Temos cortador de amostras para gramatura, medidor de circunferência para bonés e mais. Faça seu pedido e pague-o online.","159","1026","","0","Acessórios","10","Total: R$0,00","13","","0","","","","https://www.lolaaviamentos.com.br/acessorios/","","","","","","451697","90347","90347","34.610","","514","175","2.937","72.016","Fairly Easy","0.824","2","1","","238","110","0","77.460","93","39","0","14","6","0","","","","","8f5348eb1340c9b2f02225360beb5bc2","0.585","Thu, 23 Jul 2026 16:55:33 GMT","","","","pt","1.1","","","","","","https://www.lolaaviamentos.com.br/acessorios/","2026-07-23 13:55:33"
"https://www.lolaaviamentos.com.br/produtos/","text/html; charset=UTF-8","200","OK","Indexable","","Compre online produtos de Lola Aviamentos - Entretelas para confecções e insumos para Bonés","91","857","Aqui você vai encontrar uma ampla gama de acessórios e entretelas para bordado, termocolantes para patchwork, apliques e insumos para bonés.","140","907","","0","Produtos","8","Total: R$0,00","13","","0","","","","https://www.lolaaviamentos.com.br/produtos/","","","","","","1058851","138126","138126","52.913","","1280","337","3.798","100.000","Very Easy","0.858","2","1","","264","110","0","77.460","165","49","0","14","6","0","","","","","6053370dbd71fc941554e0c82f59efb4","0.787","","","","","pt","1.1","","","","","","https://www.lolaaviamentos.com.br/produtos/","2026-07-23 13:55:32"
"https://www.lolaaviamentos.com.br/account/reset","","0","Blocked by robots.txt","Non-Indexable","Blocked by robots.txt","","0","0","","0","0","","0","","0","","0","","0","","","","","","","","","","0","0","0","0.000","","0","","","","","0.000","2","1","","110","110","0","77.460","0","0","0","0","0","0","","","","","","","","","","","","None","","","","","","https://www.lolaaviamentos.com.br/account/reset","2026-07-23 13:55:34"
"https://www.lolaaviamentos.com.br/entretela-de-memoria/branca/","text/html; charset=UTF-8","200","OK","Indexable","","Branca","6","62","Compre online Branca por R$171,90. Temos entretela cavalinho de memória termocolante branca 280g, entretela cavalinho de memória termocolante branca 220g e mais. Faça seu pedido e p...","184","1190","","0","Branca","6","Total: R$0,00","13","","0","","","","https://www.lolaaviamentos.com.br/entretela-de-memoria/branca/","","","","","","459770","90441","90441","34.646","","542","181","2.994","72.369","Fairly Easy","0.861","2","2","","244","110","0","77.460","98","38","0","14","6","0","","","","","69825749b0f1e079d14870081515c3d1","0.772","Thu, 23 Jul 2026 16:55:34 GMT","","","","pt","1.1","","","","","","https://www.lolaaviamentos.com.br/entretela-de-memoria/branca/","2026-07-23 13:55:33"
"https://www.lolaaviamentos.com.br/entretela-alfaiataria/entretelas-de-malha/","text/html; charset=UTF-8","200","OK","Indexable","","Entretelas de Malha","19","178","Compre online Entretelas de Malha por R$180,00. Temos entretela de malha termocolante 40g lab-501/502, entretela de malha termocolante 60g lab-203/204 e mais. Faça seu pedido e pague-o online.","192","1235","","0","Entretelas de Malha","19","Total: R$0,00","13","","0","","","","https://www.lolaaviamentos.com.br/entretela-alfaiataria/entretelas-de-malha/","","","","","","665804","103137","103137","39.510","","704","231","3.048","83.932","Easy","0.785","2","2","","257","110","0","77.460","121","43","0","14","6","0","","","","","db1a1024258dfb8beb4bc1d172f9afa5","0.756","Thu, 23 Jul 2026 16:55:34 GMT","","","","pt","1.1","","","","","","https://www.lolaaviamentos.com.br/entretela-alfaiataria/entretelas-de-malha/","2026-07-23 13:55:33"
"https://www.lolaaviamentos.com.br/entretela-alfaiataria/tnt-termocolante/","text/html; charset=UTF-8","200","OK","Indexable","","TNT Termocolante","16","168","Compre online TNT Termocolante por R$180,00. Temos entretela de tnt (micro ponto) termocolante 70g lab-407/408, entretela de tnt (micro ponto) termocolante 40g lab-403/404 e mais. Faça seu pe...","194","1238","","0","TNT Termocolante","16","Total: R$0,00","13","","0","","","","https://www.lolaaviamentos.com.br/entretela-alfaiataria/tnt-termocolante/","","","","","","578212","103973","103973","39.830","","633","200","3.165","80.799","Easy","0.840","2","2","","250","110","0","77.460","108","40","0","14","6","0","","","","","bd386ab1cfbcd63978bccb314f095498","0.561","Thu, 23 Jul 2026 16:55:34 GMT","","","","pt","1.1","","","","","","https://www.lolaaviamentos.com.br/entretela-alfaiataria/tnt-termocolante/","2026-07-23 13:55:34"
"https://www.lolaaviamentos.com.br/contato/","text/html; charset=UTF-8","200","OK","Indexable","","Contato - Lola Aviamentos - Entretelas para confecções e insumos para Bonés","75","698","","0","0","","0","Contato","7","Total: R$0,00","13","","0","","","","https://www.lolaaviamentos.com.br/contato/","","","","","","364310","81721","81721","31.306","","456","144","3.167","69.671","Normal","0.881","2","1","","122","110","0","77.460","79","35","0","15","6","0","","","","","e48086069f15865f9a5ded7df53fbeae","0.492","","","","","pt","1.1","","","","","","https://www.lolaaviamentos.com.br/contato/","2026-07-23 13:55:34"
"https://www.lolaaviamentos.com.br/liquidacao/","text/html; charset=UTF-8","200","OK","Indexable","","Liquidação","10","97","Compre online Liquidação por R$39,90. Temos entretela não tecido para bordado rasgável 70g lec-70, botão de forrar / encapar para boné 13 mm 1.000 un. e mais. Faça seu pedido e pague-o...","187","1190","","0","Liquidação","10","Total: R$0,00","13","","0","","","","https://www.lolaaviamentos.com.br/liquidacao/","","","","","","998051","120140","120140","46.023","","901","260","3.465","99.093","Very Easy","0.628","2","1","","253","110","0","77.460","123","43","0","14","6","0","","","","","f37a6155f0d3e1a018b2476dca3e2a9","0.523","Thu, 23 Jul 2026 16:55:34 GMT","","","","pt","1.1","","","","","","https://www.lolaaviamentos.com.br/liquidacao/","2026-07-23 13:55:34"
"https://www.lolaaviamentos.com.br/entretela-de-memoria/preta/","text/html; charset=UTF-8","200","OK","Indexable","","Preta","5","49","Compre online Preta por R$261,90. Temos Entretela Cavalinho de Memória Termocolante Preta 290g e mais. Faça seu pedido e pague-o online.","136","882","","0","Preta","5","Total: R$0,00","13","","0","","","","https://www.lolaaviamentos.com.br/entretela-de-memoria/preta/","","","","","","408724","88459","88459","33.887","","497","159","3.126","71.741","Fairly Easy","0.883","2","2","","238","110","0","77.460","88","36","0","14","6","0","","","","","d6b61a015904ee5415ca49e3b1b312f8","0.214","Thu, 23 Jul 2026 16:55:35 GMT","","","","pt","1.1","","","","","","https://www.lolaaviamentos.com.br/entretela-de-memoria/preta/","2026-07-23 13:55:35"
"https://www.lolaaviamentos.com.br/insumos-para-bones/suede1/","text/html; charset=UTF-8","200","OK","Indexable","","Tecidos","7","70","Compre online Tecidos por R$247,50. Temos Tecido Suede 160g e mais. Faça seu pedido e pague-o online.","101","655","","0","Tecidos","7","Total: R$0,00","13","","0","","","","https://www.lolaaviamentos.com.br/insumos-para-bones/suede1/","","","","","","422410","88679","88679","33.971","","495","158","3.133","69.833","Normal","0.857","2","2","","238","110","0","77.460","88","36","0","14","6","0","","","","","85cc87427ad471fb1a234102bc2c3d5a","0.180","Thu, 23 Jul 2026 16:55:35 GMT","","","","pt","1.1","","","","","","https://www.lolaaviamentos.com.br/insumos-para-bones/suede1/","2026-07-23 13:55:35"
"https://www.lolaaviamentos.com.br/entretela-alfaiataria/termocolante1/","text/html; charset=UTF-8","200","OK","Indexable","","Entretela de tecido","19","168","deal para a confecção de peças de alto padrão, nossa entretela 100% algodão é desenvolvida especialmente para atender às exigências da alfaiataria e camisaria fina. Utilizada em colarinhos, golas, cós e outras aplicações estruturais, garante acabamento impecável, toque sofisticado e excelente performance na costura.","317","1980","","0","Termocolante de Tecido","22","Total: R$0,00","13","","0","","","","https://www.lolaaviamentos.com.br/entretela-alfaiataria/termocolante1/","","","","","","372798","84180","84180","32.248","","455","137","3.321","66.059","Normal","0.867","2","2","","230","109","0","76.760","82","35","0","14","6","0","","","","","896621bc839852f8c7a917fb66f8197","0.080","Thu, 23 Jul 2026 16:55:35 GMT","","","","pt","1.1","","","","","","https://www.lolaaviamentos.com.br/entretela-alfaiataria/termocolante1/","2026-07-23 13:55:35"
"https://www.lolaaviamentos.com.br/entretela-alfaiataria/algodao/","text/html; charset=UTF-8","200","OK","Indexable","","Algodão","7","73","Compre online Algodão por R$112,90. Temos Entretelas Tecido de Algodão Termocolante ETP e mais. Faça seu pedido e pague-o online.","129","839","","0","Algodão","7","Total: R$0,00","13","","0","","","","https://www.lolaaviamentos.com.br/entretela-alfaiataria/algodao/","","","","","","487763","93417","93417","35.786","","527","163","3.233","77.376","Fairly Easy","0.779","2","2","","237","110","0","77.460","88","36","0","14","6","0","","","","","39c8724ba6b8941d37f0004e0c814403","0.567","Thu, 23 Jul 2026 16:55:35 GMT","","","","pt","1.1","","","","","","https://www.lolaaviamentos.com.br/entretela-alfaiataria/algodao/","2026-07-23 13:55:35"
"https://www.lolaaviamentos.com.br/insumos-para-bones/aba-plastica/","text/html; charset=UTF-8","200","OK","Indexable","","Aba Plástica","12","112","Compre online Aba Plástica por R$435,90. Temos aba plástica para boné curva 19,6kg ab-60, aba plástica para boné curva 20kg ab-230 e mais. Faça seu pedido e pague-o online.","172","1099","","0","Aba Plástica","12","Total: R$0,00","13","","0","","","","https://www.lolaaviamentos.com.br/insumos-para-bones/aba-plastica/","","","","","","481964","92054","92054","35.264","","558","188","2.968","75.103","Fairly Easy","0.826","2","2","","247","110","0","77.460","103","39","0","14","6","0","","","","","4ea24060db9397a4de7e5fff521928f2","0.574","Thu, 23 Jul 2026 16:55:35 GMT","","","","pt","1.1","","","","","","https://www.lolaaviamentos.com.br/insumos-para-bones/aba-plastica/","2026-07-23 13:55:35"
"https://www.lolaaviamentos.com.br/insumos-para-bones/vies1/","text/html; charset=UTF-8","200","OK","Indexable","","Viés","4","39","Compre online Viés por R$77,70. Temos viés tecido fosco 20mm, viés tecido fosco 55mm - carneira e mais. Faça seu pedido e pague-o online.","137","867","","0","Viés","4","Total: R$0,00","13","","0","","","","https://www.lolaaviamentos.com.br/insumos-para-bones/vies1/","","","","","","837483","98637","98637","37.786","","597","191","3.126","75.700","Fairly Easy","0.519","2","2","","246","110","0","77.460","100","38","0","14","6","0","","","","","7a0e2cf95a21b00276a61ed6d21d879d","0.522","Thu, 23 Jul 2026 16:55:35 GMT","","","","pt","1.1","","","","","","https://www.lolaaviamentos.com.br/insumos-para-bones/vies1/","2026-07-23 13:55:35"
"https://www.lolaaviamentos.com.br/produtos/filme-papel-termocolante-definitivo-para-patchwork-48cm-5m/","text/html; charset=UTF-8","200","OK","Indexable","","Filme Papel Termocolante Definitivo para Patchwork","50","471","O filme papel termocolante definitivo é utilizado para fazer o processo de patchwork de patches e apliques em tecidos ou outros materiais.","138","852","","0","Filme Papel Termocolante Definitivo para Patchwork","50","Total: R$0,00","13","R$482,90","8","","","","https://www.lolaaviamentos.com.br/produtos/filme-papel-termocolante-definitivo-para-patchwork-48cm-5m/","","","","","","629367","134558","134558","51.547","","1000","251","3.984","71.746","Fairly Easy","1.041","2","2","","47","8","0","5.630","101","38","0","19","10","0","","","","","a265237aed57094885aff721134ccce7","0.669","Thu, 23 Jul 2026 16:55:36 GMT","","","","pt","1.1","","","","","","https://www.lolaaviamentos.com.br/produtos/filme-papel-termocolante-definitivo-para-patchwork-48cm-5m/","2026-07-23 13:55:35"
"https://www.lolaaviamentos.com.br/produtos/entretela-para-bordado-rasgavel-40g-90cm-200m/","text/html; charset=UTF-8","200","OK","Indexable","","Entretela Não Tecido para Bordado Rasgável","42","397","A entretela rasgável (ou de rasgo fácil) pode ser removida facilmente apenas puxando-a da peça, isso torna a limpeza mais rápida e prática.","139","861","","0","Entretela Não Tecido para Bordado Rasgável 40g Lec-40","53","Total: R$0,00","13","R$175,00","8","","","","https://www.lolaaviamentos.com.br/produtos/entretela-para-bordado-rasgavel-40g-90cm-200m/","","","","","","1032567","168149","168149","64.415","","1011","289","3.498","73.665","Fairly Easy","0.760","2","2","","85","16","0","11.270","130","43","0","25","16","0","","","","","22c5806616254a4fce4b1a73c8b8f840","0.089","Thu, 23 Jul 2026 16:46:04 GMT","","","","pt","1.1","","","","","","https://www.lolaaviamentos.com.br/produtos/entretela-para-bordado-rasgavel-40g-90cm-200m/","2026-07-23 13:55:36"
"https://www.lolaaviamentos.com.br/produtos/entretela-para-bordado-rasgavel-90g-90cm-200m/","text/html; charset=UTF-8","200","OK","Indexable","","Entretela Não Tecido para Bordado Rasgável","42","397","A entretela rasgável (ou de rasgo fácil) pode ser removida facilmente apenas puxando-a da peça, isso torna a limpeza mais rápida e prática.","139","861","","0","Entretela Não Tecido para Bordado Rasgável 90g Lec-90","53","Total: R$0,00","13","R$499,90","8","","","","https://www.lolaaviamentos.com.br/produtos/entretela-para-bordado-rasgavel-90g-90cm-200m/","","","","","","1036337","168386","168386","64.505","","1007","286","3.521","73.547","Fairly Easy","0.755","2","2","","79","14","0","9.860","130","43","0","26","17","0","","","","","3c3426128c0417f27bf3b51d6099f8f3","0.111","Thu, 23 Jul 2026 16:55:36 GMT","","","","pt","1.1","","","","","","https://www.lolaaviamentos.com.br/produtos/entretela-para-bordado-rasgavel-90g-90cm-200m/","2026-07-23 13:55:36"
"https://www.lolaaviamentos.com.br/produtos/entretela-para-bordado-rasgavel-30g-90cm-200m/","text/html; charset=UTF-8","200","OK","Indexable","","Entretela Não Tecido para Bordado Rasgável","42","397","A entretela rasgável (ou de rasgo fácil) pode ser removida facilmente apenas puxando-a da peça, isso torna a limpeza mais rápida e prática.","139","861","","0","Entretela Não Tecido para Bordado Rasgável 30g Lec-30","53","Total: R$0,00","13","R$265,90","8","","","","https://www.lolaaviamentos.com.br/produtos/entretela-para-bordado-rasgavel-30g-90cm-200m/","","","","","","741288","140326","140326","53.756","","868","234","3.709","72.661","Fairly Easy","0.819","2","2","","69","14","0","9.860","105","38","0","23","14","0","","","","","8627bdbc0409c13949d168872290a7c","0.674","Thu, 23 Jul 2026 16:55:37 GMT","","","","pt","1.1","","","","","","https://www.lolaaviamentos.com.br/produtos/entretela-para-bordado-rasgavel-30g-90cm-200m/","2026-07-23 13:55:36"
"https://www.lolaaviamentos.com.br/produtos/entretela-nao-tecido-para-bordado-toque-macio-rasgavel-60g-lef-60/","text/html; charset=UTF-8","200","OK","Indexable","","Entretela Não Tecido para Bordado Toque Macio Rasgável 60g Lef-60","65","617","Similar as entretelas de viscose, essa entretela possui toque macio e rasgo não orientado, ideal para realização de bordados em peças delicadas, como roupas ...","160","990","","0","Entretela Não Tecido para Bordado Toque Macio Rasgável 60g Lef-60","65","Total: R$0,00","13","R$439,90","8","","","","https://www.lolaaviamentos.com.br/produtos/entretela-nao-tecido-para-bordado-toque-macio-rasgavel-60g-lef-60/","","","","","","985080","165201","165201","63.285","","1022","286","3.573","72.003","Fairly Easy","0.804","2","2","","103","24","0","16.900","124","43","0","21","12","0","","","","","bf7137b0333d14b1b103792b1ec98405","0.601","Thu, 23 Jul 2026 16:55:37 GMT","","","","pt","1.1","","","","","","https://www.lolaaviamentos.com.br/produtos/entretela-nao-tecido-para-bordado-toque-macio-rasgavel-60g-lef-60/","2026-07-23 13:55:36"
"https://www.lolaaviamentos.com.br/produtos/entretela-para-bordado-rasgavel-50g-90cm-200m/","text/html; charset=UTF-8","200","OK","Indexable","","Entretela Não Tecido para Bordado Rasgável","42","397","A entretela rasgável (ou de rasgo fácil) pode ser removida facilmente apenas puxando-a da peça, isso torna a limpeza mais rápida e prática.","139","861","","0","Entretela Não Tecido para Bordado Rasgável 50g Lec-50","53","Total: R$0,00","13","R$329,90","8","","","","https://www.lolaaviamentos.com.br/produtos/entretela-para-bordado-rasgavel-50g-90cm-200m/","","","","","","1030247","167938","167938","64.334","","1007","286","3.521","73.547","Fairly Easy","0.759","2","2","","82","15","0","10.560","130","43","0","24","15","0","","","","","5f8717a1896938314bab66e397bddc38","0.610","Thu, 23 Jul 2026 16:55:37 GMT","","","","pt","1.1","","","","","","https://www.lolaaviamentos.com.br/produtos/entretela-para-bordado-rasgavel-50g-90cm-200m/","2026-07-23 13:55:36"
"https://www.lolaaviamentos.com.br/produtos/entretela-para-bordado-preta-rasgavel-40g-90cm-200m/","text/html; charset=UTF-8","200","OK","Indexable","","Entretela Não Tecido para Bordado Preta Rasgável","48","451","A entretela rasgável (ou de rasgo fácil) pode ser removida facilmente apenas puxando-a da peça, isso torna a limpeza mais rápida e prática.","139","861","","0","Entretela Não Tecido para Bordado Preta Rasgável 40g Lecb-40","60","Total: R$0,00","13","R$265,90","8","","","","https://www.lolaaviamentos.com.br/produtos/entretela-para-bordado-preta-rasgavel-40g-90cm-200m/","","","","","","718317","139359","139359","53.386","","912","237","3.848","70.927","Fairly Easy","0.901","2","2","","61","13","0","9.150","100","38","0","22","13","0","","","","","31c0903dcdde1b227159fd043657fd5e","0.211","Thu, 23 Jul 2026 16:55:37 GMT","","","","pt","1.1","","","","","","https://www.lolaaviamentos.com.br/produtos/entretela-para-bordado-preta-rasgavel-40g-90cm-200m/","2026-07-23 13:55:37"
"https://www.lolaaviamentos.com.br/produtos/entretela-para-bordado-toque-macio-rasgavel-40g-90cmx-200m/","text/html; charset=UTF-8","200","OK","Indexable","","Entretela Não Tecido para Bordado Toque Macio Rasgável 40g 90cm x 20","68","652","A entretela para bordado de toque macio rasgável, proporciona uma ótima definição aos bordados, e permite uma limpeza mais rápida da peça.","138","887","","0","Entretela Não Tecido para Bordado Toque Macio Rasgável 40g Lef-40","65","Total: R$0,00","13","R$294,90","8","","","","https://www.lolaaviamentos.com.br/produtos/entretela-para-bordado-toque-macio-rasgavel-40g-90cmx-200m/","","","","","","978957","164758","164758","63.116","","1022","286","3.573","72.003","Fairly Easy","0.809","2","2","","106","25","0","17.610","124","43","0","21","12","0","","","","","43de5371b2c82e98b4a70c0c265df1f1","0.742","Thu, 23 Jul 2026 16:55:37 GMT","","","","pt","1.1","","","","","","https://www.lolaaviamentos.com.br/produtos/entretela-para-bordado-toque-macio-rasgavel-40g-90cmx-200m/","2026-07-23 13:55:37"
"https://www.lolaaviamentos.com.br/produtos/entretela-nao-tecido-para-bordado-rasgavel-70g-lec-70/","text/html; charset=UTF-8","200","OK","Indexable","","Entretela Não Tecido para Bordado Rasgável","42","397","A entretela rasgável (ou de rasgo fácil) pode ser removida facilmente apenas puxando-a da peça, isso torna a limpeza mais rápida e prática.","139","861","","0","Entretela Não Tecido para Bordado Rasgável 70g Lec-70","53","Total: R$0,00","13","R$425,90","8","","","","https://www.lolaaviamentos.com.br/produtos/entretela-nao-tecido-para-bordado-rasgavel-70g-lec-70/","","","","","","1031677","168539","168539","64.564","","992","286","3.469","74.112","Fairly Easy","0.749","2","2","","85","16","0","11.270","130","43","0","24","15","0","","","","","d7ad57d51b4da87a88614204169e4ada","0.562","Thu, 23 Jul 2026 16:55:38 GMT","","","","pt","1.1","","","","","","https://www.lolaaviamentos.com.br/produtos/entretela-nao-tecido-para-bordado-rasgavel-70g-lec-70/","2026-07-23 13:55:38"
"https://www.lolaaviamentos.com.br/produtos/entretela-termocolante-de-toque-macio-30g-90cm-100m/","text/html; charset=UTF-8","200","OK","Indexable","","Entretela Não Tecido Termocolante de Toque Macio","48","464","A entretela termocolante de toque macio possui vasta utilização, como forro e estrutura para camisaria, gola, peitilho, punhos, bolsos, calçados, etc.","150","913","","0","Entretela Não Tecido Termocolante de Toque Macio 30g Lepoc-30","61","Total: R$0,00","13","R$145,90","8","","","","https://www.lolaaviamentos.com.br/produtos/entretela-termocolante-de-toque-macio-30g-90cm-100m/","","","","","","826489","145673","145673","55.805","","1040","298","3.490","72.488","Fairly Easy","0.872","2","2","","75","14","0","9.860","129","44","0","21","12","0","","","","","506f9460116a1ef733777129f68a1038","0.675","Thu, 23 Jul 2026 16:55:38 GMT","","","","pt","1.1","","","","","","https://www.lolaaviamentos.com.br/produtos/entretela-termocolante-de-toque-macio-30g-90cm-100m/","2026-07-23 13:55:38"
"https://www.lolaaviamentos.com.br/produtos/entretela-para-bordado-toque-macio-30g-90cm-100m/","text/html; charset=UTF-8","200","OK","Indexable","","Entretela Não Tecido para Bordado Toque Macio","45","431","A entretela para bordado de toque macio proporciona uma ótima definição aos bordados, e tem foco na área de vestuário feminino e infantil.","138","868","","0","Entretela Não Tecido para Bordado Toque Macio 30g Lepo-30","57","Total: R$0,00","13","R$39,90","7","","","","https://www.lolaaviamentos.com.br/produtos/entretela-para-bordado-toque-macio-30g-90cm-100m/","","","","","","811993","144354","144354","55.299","","1025","294","3.486","70.330","Fairly Easy","0.871","2","2","","73","13","0","9.150","130","44","0","22","13","0","","","","","381ce570cc908f98ffe219f7dae5679a","0.563","Thu, 23 Jul 2026 16:55:39 GMT","","","","pt","1.1","","","","","","https://www.lolaaviamentos.com.br/produtos/entretela-para-bordado-toque-macio-30g-90cm-100m/","2026-07-23 13:55:38"
"https://www.lolaaviamentos.com.br/produtos/entretela-termocolante-de-toque-macio-20g-90cm-100m/","text/html; charset=UTF-8","200","OK","Indexable","","Entretela Não Tecido Termocolante de Toque Macio 20g 90cm x 100m","64","628","A entretela termocolante de toque macio possui vasta utilização, como forro e estrutura para camisaria, gola, peitilho, punhos, bolsos, calçados, etc.","150","913","","0","Entretela Não Tecido Termocolante de Toque Macio 20g Lepoc-20","61","Total: R$0,00","13","R$110,90","8","","","","https://www.lolaaviamentos.com.br/produtos/entretela-termocolante-de-toque-macio-20g-90cm-100m/","","","","","","829395","147797","147797","56.618","","1040","298","3.490","72.488","Fairly Easy","0.869","2","2","","79","15","0","10.560","130","44","0","22","13","0","","","","","5c46de812107945f49df95b1a53be1b7","0.216","Thu, 23 Jul 2026 16:55:39 GMT","","","","pt","1.1","","","","","","https://www.lolaaviamentos.com.br/produtos/entretela-termocolante-de-toque-macio-20g-90cm-100m/","2026-07-23 13:55:39"
"https://www.lolaaviamentos.com.br/produtos/entretela-termocolante-de-toque-macio-40g-90cm-100m/","text/html; charset=UTF-8","200","OK","Indexable","","Entretela Não Tecido Termocolante de Toque Macio","48","464","A entretela termocolante de toque macio possui vasta utilização, como forro e estrutura para camisaria, gola, peitilho, punhos, bolsos, calçados, etc.","150","913","","0","Entretela Não Tecido Termocolante de Toque Macio 40g Lepoc-40","61","Total: R$0,00","13","R$175,90","8","","","","https://www.lolaaviamentos.com.br/produtos/entretela-termocolante-de-toque-macio-40g-90cm-100m/","","","","","","829266","147634","147634","56.556","","1017","295","3.447","73.316","Fairly Easy","0.850","2","2","","97","21","0","14.790","130","44","0","22","13","0","","","","","c303f8e597a93b0b7dd614a302e06b29","0.607","Thu, 23 Jul 2026 16:55:39 GMT","","","","pt","1.1","","","","","","https://www.lolaaviamentos.com.br/produtos/entretela-termocolante-de-toque-macio-40g-90cm-100m/","2026-07-23 13:55:39"
"https://www.lolaaviamentos.com.br/produtos/entretela-nao-tecido-para-bordado-toque-macio-50g-lepo-50/","text/html; charset=UTF-8","200","OK","Indexable","","Entretela Não Tecido para Bordado Toque Macio 50g Lepo-50","57","546","Entretela para bordado não tecido de toque macio e rasgo orientado. Sua utilização abrange bordados computadorizados com foco na área de vestuário feminino e...","160","1024","","0","Entretela Não Tecido para Bordado Toque Macio 50g Lepo-50","57","Total: R$0,00","13","R$66,90","7","","","","https://www.lolaaviamentos.com.br/produtos/entretela-nao-tecido-para-bordado-toque-macio-50g-lepo-50/","","","","","","815771","146966","146966","56.300","","1039","295","3.522","72.167","Fairly Easy","0.874","2","2","","43","3","0","2.110","130","44","0","22","13","0","","","","","c8671e8eb9ea32502c10a0e2313bd13b","0.610","Thu, 23 Jul 2026 16:55:39 GMT","","","","pt","1.1","","","","","","https://www.lolaaviamentos.com.br/produtos/entretela-nao-tecido-para-bordado-toque-macio-50g-lepo-50/","2026-07-23 13:55:39"
"https://www.lolaaviamentos.com.br/produtos/entretela-termocolante-de-toque-macio-60g-90cm-100m/","text/html; charset=UTF-8","200","OK","Indexable","","Entretela Não Tecido Termocolante de Toque Macio 60g","52","502","A entretela termocolante de toque macio possui vasta utilização, como forro e estrutura para camisaria, gola, peitilho, punhos, bolsos, calçados, etc.","150","913","","0","Entretela Não Tecido Termocolante de Toque Macio 60g Lepoc-60","61","Total: R$0,00","13","R$271,90","8","","","","https://www.lolaaviamentos.com.br/produtos/entretela-termocolante-de-toque-macio-60g-90cm-100m/","","","","","","835696","148201","148201","56.773","","1040","298","3.490","72.569","Fairly Easy","0.865","2","2","","73","13","0","9.150","130","44","0","22","13","0","","","","","d6a5d625bd73ca6c4e69c10d99e9b2d2","0.617","Thu, 23 Jul 2026 16:55:40 GMT","","","","pt","1.1","","","","","","https://www.lolaaviamentos.com.br/produtos/entretela-termocolante-de-toque-macio-60g-90cm-100m/","2026-07-23 13:55:39"
"https://www.lolaaviamentos.com.br/produtos/entretela-termocolante-de-toque-macio-50g-90cm-x-100m/","text/html; charset=UTF-8","200","OK","Indexable","","Entretela Não Tecido Termocolante de Toque Macio 50g 90cm x 100m","64","628","A entretela termocolante de toque macio possui vasta utilização, como forro e estrutura para camisaria, gola, peitilho, punhos, bolsos, calçados, etc.","150","913","","0","Entretela Não Tecido Termocolante de Toque Macio 50g Lepoc-50","61","Total: R$0,00","13","R$211,90","8","","","","https://www.lolaaviamentos.com.br/produtos/entretela-termocolante-de-toque-macio-50g-90cm-x-100m/","","","","","","830087","147736","147736","56.595","","1017","295","3.447","73.316","Fairly Easy","0.849","2","2","","76","14","0","9.860","130","44","0","22","13","0","","","","","580834339fcb896af967f735009f7475","0.615","Thu, 23 Jul 2026 16:55:40 GMT","","","","pt","1.1","","","","","","https://www.lolaaviamentos.com.br/produtos/entretela-termocolante-de-toque-macio-50g-90cm-x-100m/","2026-07-23 13:55:40"
"https://www.lolaaviamentos.com.br/produtos/entretela-para-bordado-toque-macio-20g-90cm-100m/","text/html; charset=UTF-8","200","OK","Indexable","","Entretela Não Tecido para Bordado Toque Macio","45","431","A entretela para bordado de toque macio proporciona uma ótima definição aos bordados, e tem foco na área de vestuário feminino e infantil.","138","868","","0","Entretela Não Tecido para Bordado Toque Macio 20g Lepo-20","57","Total: R$0,00","13","R$32,90","7","","","","https://www.lolaaviamentos.com.br/produtos/entretela-para-bordado-toque-macio-20g-90cm-100m/","","","","","","817312","144952","144952","55.528","","1014","292","3.473","69.068","Normal","0.861","2","2","","74","13","0","9.150","131","44","0","23","14","0","","","","","b46649739eb20fd6377db429a301600a","0.611","Thu, 23 Jul 2026 16:55:41 GMT","","","","pt","1.1","","","","","","https://www.lolaaviamentos.com.br/produtos/entretela-para-bordado-toque-macio-20g-90cm-100m/","2026-07-23 13:55:40"
"https://www.lolaaviamentos.com.br/produtos/entretela-nao-tecido-para-bordado-toque-macio-60g-lepo-60/","text/html; charset=UTF-8","200","OK","Indexable","","Entretela Não Tecido para Bordado Toque Macio","45","431","Entretela não tecido para bordado com toque macio e alta resistência. Ideal para vestuário feminino e infantil. Compre e garanta bordados de qualidade!","151","940","","0","Entretela Não Tecido para Bordado Toque Macio 60g Lepo-60","57","Total: R$0,00","13","R$195,90","8","","","","https://www.lolaaviamentos.com.br/produtos/entretela-nao-tecido-para-bordado-toque-macio-60g-lepo-60/","","","","","","831706","143617","143617","55.017","","1043","297","3.512","72.112","Fairly Easy","0.865","2","2","","82","16","0","11.270","130","44","0","22","13","0","","","","","949dd778e856544df8fadfb0415ceec3","0.617","Thu, 23 Jul 2026 16:55:41 GMT","","","","pt","1.1","","","","","","https://www.lolaaviamentos.com.br/produtos/entretela-nao-tecido-para-bordado-toque-macio-60g-lepo-60/","2026-07-23 13:55:40"
"https://www.lolaaviamentos.com.br/produtos/case-para-bones/","text/html; charset=UTF-8","200","OK","Indexable","","Case para Bonés resistente","26","245","Case para bonés acomoda 6 bonés com material resistente. Ideal para viagens e organização. Personalize com sua marca. Compre agora!","131","855","","0","Case para bonés","15","Total: R$0,00","13","R$99,90","7","","","","https://www.lolaaviamentos.com.br/produtos/case-para-bones/","","","","","","598611","127669","127669","48.908","","820","226","3.628","76.355","Fairly Easy","0.898","2","2","","32","6","0","4.230","94","39","0","19","10","0","","","","","78037a3b787339376729f6167c8dbd3","0.564","Thu, 23 Jul 2026 16:55:41 GMT","","","","pt","1.1","","","","","","https://www.lolaaviamentos.com.br/produtos/case-para-bones/","2026-07-23 13:55:40"
"https://www.lolaaviamentos.com.br/produtos/medidor-de-circunferencia-para-bones/","text/html; charset=UTF-8","200","OK","Indexable","","Medidor de Circunferência para Bonés","36","340","O medidor de circunferência Lola é utilizado para medir a circunferência interna dos bonés, permitindo manter a padronização de produção.","137","861","","0","Medidor de Circunferência para Bonés","36","Total: R$0,00","13","R$615,90","8","","","","https://www.lolaaviamentos.com.br/produtos/medidor-de-circunferencia-para-bones/","","","","","","610030","129773","129773","49.714","","836","231","3.619","75.149","Fairly Easy","0.904","2","2","","48","10","0","7.040","98","39","0","22","13","0","","","","","1aeaacca14056b6859a93d6f64bae71","0.636","Thu, 23 Jul 2026 16:55:41 GMT","","","","pt","1.1","","","","","","https://www.lolaaviamentos.com.br/produtos/medidor-de-circunferencia-para-bones/","2026-07-23 13:55:40"
"https://www.lolaaviamentos.com.br/produtos/cortador-amostras/","text/html; charset=UTF-8","200","OK","Indexable","","Cortador de Amostras para Gramatura","35","344","O aparelho aplicador de viés (ou aparelho de bronze), é utilizado em máquinas de pesponto (pespontadeiras) para inserir e costurar o viés.","138","852","","0","Cortador de Amostras para Gramatura","35","Total: R$0,00","13","R$385,90","8","","","","https://www.lolaaviamentos.com.br/produtos/cortador-amostras/","","","","","","604610","129425","129425","49.580","","846","229","3.694","74.685","Fairly Easy","0.920","2","2","","46","10","0","7.040","96","39","0","20","11","0","","","","","9097e34a393a28e39239a80e3caf45d6","0.475","Thu, 23 Jul 2026 16:55:42 GMT","","","","pt","1.1","","","","","","https://www.lolaaviamentos.com.br/produtos/cortador-amostras/","2026-07-23 13:55:41"
"https://www.lolaaviamentos.com.br/produtos/tela-de-poliester-ltn-130g-155-x-100m1/","text/html; charset=UTF-8","200","OK","Indexable","","Tela de Poliéster","17","151","Tela de poliéster LTN , ideal para bonés e mochilas. Conforto e ventilação garantidos. Compre agora no atacado!","111","694","","0","Tela de Poliéster LTN 130g","26","Total: R$0,00","13","R$599,00","8","","","","https://www.lolaaviamentos.com.br/produtos/tela-de-poliester-ltn-130g-155-x-100m1/","","","","","","682374","134368","134368","51.474","","894","248","3.605","78.642","Fairly Easy","0.859","2","2","","66","15","0","10.560","102","39","0","26","17","0","","","","","459242fdcb727235b20e824f5060eb93","0.760","Thu, 23 Jul 2026 16:55:42 GMT","","","","pt","1.1","","","","","","https://www.lolaaviamentos.com.br/produtos/tela-de-poliester-ltn-130g-155-x-100m1/","2026-07-23 13:55:42"
"https://www.lolaaviamentos.com.br/produtos/entretela-de-malha-termocolante-60g-lab-203-204/","text/html; charset=UTF-8","200","OK","Indexable","","Entretela de Malha Termocolante 60g Lab-203/204","47","454","As Entretelas de Alfaiataria LAB são essenciais para quem busca durabilidade, reforço e um acabamento profissional em peças como blazers, vestidos, bonés, go...","160","1007","","0","Entretela de Malha Termocolante 60g Lab-203/204","47","Total: R$0,00","13","R$116,90","8","","","","https://www.lolaaviamentos.com.br/produtos/entretela-de-malha-termocolante-60g-lab-203-204/","","","","","","821653","141556","141556","54.227","","972","286","3.399","73.961","Fairly Easy","0.835","2","2","","73","14","0","9.860","124","43","0","23","14","0","","","","","f977a5c8d30c02857cac453e558b6267","0.127","Thu, 23 Jul 2026 15:01:55 GMT","","","","pt","1.1","","","","","","https://www.lolaaviamentos.com.br/produtos/entretela-de-malha-termocolante-60g-lab-203-204/","2026-07-23 13:55:43"
"https://www.lolaaviamentos.com.br/filme/","text/html; charset=UTF-8","200","OK","Indexable","","Filme para Bordado - Qualidade e Variedade","42","392","Encontre filmes para bordado com alta qualidade e diversas opções para seus projetos. Ideal para profissionais e amantes do bordado artesanal.","142","897","","0","Filmes","6","Total: R$0,00","13","","0","","","","https://www.lolaaviamentos.com.br/filme/","","","","","","454659","93035","93035","35.640","","533","170","3.135","79.689","Fairly Easy","0.846","2","1","","21","3","0","2.110","91","38","0","14","6","0","","","","","7c87bd47883cc32070fbb6bbb8e23635","0.517","Thu, 23 Jul 2026 16:55:43 GMT","","","","pt","1.1","","","","","","https://www.lolaaviamentos.com.br/filme/","2026-07-23 13:55:43"
"https://www.lolaaviamentos.com.br/produtos/entretela-de-malha-termocolante-40g-lab-501-502/","text/html; charset=UTF-8","200","OK","Indexable","","Entretela de Malha Termocolante 40g Lab-501/502","47","454","As Entretelas de Alfaiataria LAB são essenciais para quem busca durabilidade, reforço e um acabamento profissional em peças como blazers, vestidos, bonés, go...","160","1007","","0","Entretela de Malha Termocolante 40g Lab-501/502","47","Total: R$0,00","13","R$69,90","7","","","","https://www.lolaaviamentos.com.br/produtos/entretela-de-malha-termocolante-40g-lab-501-502/","","","","","","842582","142752","142752","54.686","","977","287","3.404","73.492","Fairly Easy","0.816","2","2","","73","14","0","9.860","124","43","0","26","17","0","","","","","e9e9b709515d0dc500a86941ea2b7db4","0.507","Thu, 23 Jul 2026 16:55:43 GMT","","","","pt","1.1","","","","","","https://www.lolaaviamentos.com.br/produtos/entretela-de-malha-termocolante-40g-lab-501-502/","2026-07-23 13:55:43"
"https://www.lolaaviamentos.com.br/https-www-lolaaviamentos-com-br-produtos-filme-plastico-magico-para-bordado-45g/","text/html; charset=UTF-8","200","OK","Indexable","","Filme Plástico Mágico para Bordado 45g - Flexível","49","443","Filme plástico para bordado foi desenvolvid para facilitar o processo do bordado, trazendo uma entretela sem estrias e flexível.","128","780","","0","Mais Vendidos","13","Total: R$0,00","13","","0","","","","https://www.lolaaviamentos.com.br/https-www-lolaaviamentos-com-br-produtos-filme-plastico-magico-para-bordado-45g/","","","","","","912725","128658","128658","49.286","","991","279","3.552","100.000","Very Easy","0.798","2","1","","41","3","0","2.110","138","47","0","14","6","0","","","","","1bed593df56bfe669bbebaa9ae25733d","0.559","Thu, 23 Jul 2026 16:55:43 GMT","","","","pt","1.1","","","","","","https://www.lolaaviamentos.com.br/https-www-lolaaviamentos-com-br-produtos-filme-plastico-magico-para-bordado-45g/","2026-07-23 13:55:43"
"https://www.lolaaviamentos.com.br/produtos/vies-tecido-fosco-preto-20mm-6000m/","text/html; charset=UTF-8","200","OK","Indexable","","Viés de Tecido","14","131","O Lola possui referências de viés fosco e semibrilho personalizável. A função desse aviamento é camuflar as costuras que compõe uma peça.","137","871","","0","Viés Tecido Fosco 20mm","22","Total: R$0,00","13","R$195,90","8","","","","https://www.lolaaviamentos.com.br/produtos/vies-tecido-fosco-preto-20mm-6000m/","","","","","","1278684","144213","144213","55.245","","838","236","3.551","77.038","Fairly Easy","0.444","2","2","","53","10","0","7.040","101","38","0","27","18","0","","","","","c5bf2024fcea0fee31514aaa0f637eec","0.567","Thu, 23 Jul 2026 16:55:44 GMT","","","","pt","1.1","","","","","","https://www.lolaaviamentos.com.br/produtos/vies-tecido-fosco-preto-20mm-6000m/","2026-07-23 13:55:43"
"https://www.lolaaviamentos.com.br/produtos/botao-de-forrar-encapar-para-bone-13mm-1000un/","text/html; charset=UTF-8","200","OK","Indexable","","Botão de Forrar / Encapar para Boné 13mm 1.000un.","49","467","O botão de forrar ou botão de encapar para boné Lola, é aplicado na parte superior do boné utilizando um método de fixação inovador.","132","832","","0","Botão de Forrar / Encapar para Boné 13mm 1.000un.","49","Total: R$0,00","13","R$91,90","7","","","","https://www.lolaaviamentos.com.br/produtos/botao-de-forrar-encapar-para-bone-13mm-1000un/","","","","","","1033756","148624","148624","56.935","","1010","296","3.412","82.419","Easy","0.652","2","2","","63","10","0","7.040","128","44","0","19","10","0","","","","","4098596739a3d2a57dc0ff27d7b5b395","0.684","Thu, 23 Jul 2026 16:55:44 GMT","","","","pt","1.1","","","","","","https://www.lolaaviamentos.com.br/produtos/botao-de-forrar-encapar-para-bone-13mm-1000un/","2026-07-23 13:55:44"
"https://www.lolaaviamentos.com.br/produtos/vies-tecido-fosco-preto-27mm-6000m/","text/html; charset=UTF-8","200","OK","Indexable","","Viés Tecido Fosco","17","162","O Lola possui referências de viés fosco e semibrilho personalizável. A função desse aviamento é camuflar as costuras que compõe uma peça.","137","871","","0","Viés Tecido Fosco 27mm","22","Total: R$0,00","13","R$240,00","8","","","","https://www.lolaaviamentos.com.br/produtos/vies-tecido-fosco-preto-27mm-6000m/","","","","","","1010743","137635","137635","52.725","","838","236","3.551","77.139","Fairly Easy","0.561","2","2","","86","17","0","11.970","101","38","0","28","19","0","","","","","5650a27229b26a2eab4ec5512e9edc44","0.547","Thu, 23 Jul 2026 16:55:44 GMT","","","","pt","1.1","","","","","","https://www.lolaaviamentos.com.br/produtos/vies-tecido-fosco-preto-27mm-6000m/","2026-07-23 13:55:44"
"https://www.lolaaviamentos.com.br/produtos/aba-plastica-para-bone-curva-20kg-ab-80/","text/html; charset=UTF-8","200","OK","Indexable","","Aba Plástica para Boné Curva 20kg AB-80","39","370","As abas plásticas para confecção de bonés Lola são compostas de material virgem não reciclado, tornando-as livres de impurezas, e evitando a extração de suje...","160","1001","","0","Aba Plástica para Boné Curva 20kg AB-80","39","Total: R$0,00","13","R$505,90","8","","","","https://www.lolaaviamentos.com.br/produtos/aba-plastica-para-bone-curva-20kg-ab-80/","","","","","","1055953","155645","155645","59.625","","1055","304","3.470","77.495","Fairly Easy","0.686","2","2","","45","5","0","3.520","126","43","0","20","11","0","","","","","153a0b83110cf7f3c18d57a37c22c94e","0.858","Thu, 23 Jul 2026 16:55:45 GMT","","","","pt","1.1","","","","","","https://www.lolaaviamentos.com.br/produtos/aba-plastica-para-bone-curva-20kg-ab-80/","2026-07-23 13:55:44"
"https://www.lolaaviamentos.com.br/produtos/aba-plastica-para-bone-curva-196kg-ab-60/","text/html; charset=UTF-8","200","OK","Indexable","","Aba para Boné","13","130","Abas plásticas curvas , material virgem puro, leve e sem impurezas. Ideal para bonés com ótimo acabamento e praticidade na costura. Compre já!","142","898","","0","Aba Plástica para Boné Curva 19,6kg AB-60","41","Total: R$0,00","13","R$435,90","8","","","","https://www.lolaaviamentos.com.br/produtos/aba-plastica-para-bone-curva-196kg-ab-60/","","","","","","1055631","155671","155671","59.635","","1055","304","3.470","77.495","Fairly Easy","0.687","2","2","","66","12","0","8.450","126","43","0","20","11","0","","","","","6299cf78dc758c4faeacedaa15a185d8","0.947","Thu, 23 Jul 2026 16:55:45 GMT","","","","pt","1.1","","","","","","https://www.lolaaviamentos.com.br/produtos/aba-plastica-para-bone-curva-196kg-ab-60/","2026-07-23 13:55:44"
"https://www.lolaaviamentos.com.br/produtos/kit-fita-dupla-face-19mm-x-30m-fd-01/","text/html; charset=UTF-8","200","OK","Indexable","","Fita Dupla Face  - Alta Aderência Lola","38","328","Fita dupla face Lola com alta viscosidade, ideal para bordados, calçados e pisos. Compre e garanta fixação segura e duradoura!","126","790","","0","Kit Fita Dupla Face 19mm x 30m FD-01","36","Total: R$0,00","13","R$97,35","7","","","","https://www.lolaaviamentos.com.br/produtos/kit-fita-dupla-face-19mm-x-30m-fd-01/","","","","","","1019033","150520","150520","57.661","","1009","297","3.397","81.140","Easy","0.669","2","2","","53","9","0","6.340","121","44","0","19","10","0","","","","","6910c1b8241fd4f1ce5cd35f9cf8084","0.553","Thu, 23 Jul 2026 16:55:45 GMT","","","","pt","1.1","","","","","","https://www.lolaaviamentos.com.br/produtos/kit-fita-dupla-face-19mm-x-30m-fd-01/","2026-07-23 13:55:44"
"https://www.lolaaviamentos.com.br/produtos/entretela-cavalinho-de-memoria-termocolante-branca-285g-16-100m/","text/html; charset=UTF-8","200","OK","Indexable","","Entretela Cavalinho de Memória Termocolante Branca 285g 1,6m x 100m","67","652","A entretela de memória (ou entretela cavalinho) é utilizada para estruturar bonés, fardas, cortinas, vestidos, bolsas e muitos outros artigos.","142","858","","0","Entretela Cavalinho de Memória Termocolante Branca 285g 1,60m x 100m","68","Total: R$0,00","13","R$2.531,90","10","","","","https://www.lolaaviamentos.com.br/produtos/entretela-cavalinho-de-memoria-termocolante-branca-285g-16-100m/","","","","","","708097","134272","134272","51.437","","1015","312","3.253","71.757","Fairly Easy","0.976","2","2","","40","3","0","2.110","120","42","0","19","10","0","","","","","720ec6a165fbb829c30fefc6cc555024","0.538","Thu, 23 Jul 2026 16:55:47 GMT","","","","pt","1.1","","","","","","https://www.lolaaviamentos.com.br/produtos/entretela-cavalinho-de-memoria-termocolante-branca-285g-16-100m/","2026-07-23 13:55:46"
"https://www.lolaaviamentos.com.br/produtos/entretela-cavalinho-de-memoria-termocolante-preta-290g-16-x-100m/","text/html; charset=UTF-8","200","OK","Indexable","","Entretela Cavalinho de Memória Termocolante Preta","49","470","A entretela de memória (ou entretela cavalinho) é utilizada para estruturar bonés, fardas, cortinas, vestidos, bolsas e muitos outros artigos.","142","858","","0","Entretela Cavalinho de Memória Termocolante Preta 290g","54","Total: R$0,00","13","R$2.691,90","10","","","","https://www.lolaaviamentos.com.br/produtos/entretela-cavalinho-de-memoria-termocolante-preta-290g-16-x-100m/","","","","","","564219","125867","125867","48.217","","875","244","3.586","69.866","Normal","1.036","2","2","","37","6","0","4.230","91","36","0","19","10","0","","","","","5f912b24c2b80fa27dc8ac961fff4436","0.605","Thu, 23 Jul 2026 16:55:47 GMT","","","","pt","1.1","","","","","","https://www.lolaaviamentos.com.br/produtos/entretela-cavalinho-de-memoria-termocolante-preta-290g-16-x-100m/","2026-07-23 13:55:46"
"https://www.lolaaviamentos.com.br/produtos/entretela-cavalinho-de-memoria-termocolante-branca-270g-16-100m/","text/html; charset=UTF-8","200","OK","Indexable","","Entretela Cavalinho de Memória Termocolante Branca","50","483","A entretela de memória (ou entretela cavalinho) é utilizada para estruturar bonés, fardas, cortinas, vestidos, bolsas e muitos outros artigos.","142","858","","0","Entretela Cavalinho de Memória Termocolante Branca 280g","55","Total: R$0,00","13","R$2.151,90","10","","","","https://www.lolaaviamentos.com.br/produtos/entretela-cavalinho-de-memoria-termocolante-branca-270g-16-100m/","","","","","","615261","131268","131268","50.286","","920","267","3.446","70.001","Fairly Easy","1.009","2","2","","44","7","0","4.930","101","38","0","19","10","0","","","","","957a93dee740597949cdb51aaeb8623a","0.634","Thu, 23 Jul 2026 16:55:47 GMT","","","","pt","1.1","","","","","","https://www.lolaaviamentos.com.br/produtos/entretela-cavalinho-de-memoria-termocolante-branca-270g-16-100m/","2026-07-23 13:55:46"
"https://www.lolaaviamentos.com.br/produtos/entretela-cavalinho-de-memoria-branca-235g-sem-cola/","text/html; charset=UTF-8","200","OK","Indexable","","Entretela Cavalinho de Memória Branca 235g Sem Cola","51","493","A Entretela de Memória sem cola é regularmente utilizada para forrar e estruturar bonés, fardas fardas (bolsos e outras áreas estruturais), vestidos, bolsas,...","160","970","","0","Entretela Cavalinho de Memória Branca 235g Sem Cola","51","Total: R$0,00","13","R$1.870,90","10","","","","https://www.lolaaviamentos.com.br/produtos/entretela-cavalinho-de-memoria-branca-235g-sem-cola/","","","","","","619776","131491","131491","50.372","","951","273","3.484","71.017","Fairly Easy","1.020","2","2","","40","8","0","5.630","97","39","0","19","10","0","","","","","8347cc69ea722fe0ab244e1c569f884d","0.594","Thu, 23 Jul 2026 16:55:47 GMT","","","","pt","1.1","","","","","","https://www.lolaaviamentos.com.br/produtos/entretela-cavalinho-de-memoria-branca-235g-sem-cola/","2026-07-23 13:55:46"
"https://www.lolaaviamentos.com.br/produtos/entretela-cavalinho-de-memoria-termocolante-branca-220g-15-100m/","text/html; charset=UTF-8","200","OK","Indexable","","Entretela Cavalinho de Memória Termocolante Branca","50","483","A entretela de memória (ou entretela cavalinho) é utilizada para estruturar bonés, fardas, cortinas, vestidos, bolsas e muitos outros artigos.","142","858","","0","Entretela Cavalinho de Memória Termocolante Branca 220g","55","Total: R$0,00","13","R$1.671,90","10","","","","https://www.lolaaviamentos.com.br/produtos/entretela-cavalinho-de-memoria-termocolante-branca-220g-15-100m/","","","","","","615264","131449","131449","50.356","","921","266","3.462","69.945","Normal","1.009","2","2","","44","7","0","4.930","101","38","0","19","10","0","","","","","46c21758e0deeaf76afb8869e43fecd8","0.680","Thu, 23 Jul 2026 16:55:47 GMT","","","","pt","1.1","","","","","","https://www.lolaaviamentos.com.br/produtos/entretela-cavalinho-de-memoria-termocolante-branca-220g-15-100m/","2026-07-23 13:55:46"
"https://www.lolaaviamentos.com.br/produtos/entretelas-tecido-de-algodao-termocolante-etp-15m-x-100m/","text/html; charset=UTF-8","200","OK","Indexable","","Entretelas de Algodão Termocolante","34","326","Entretela 100% algodão termocolante ideal para colarinhos e golas. Toque e dureza variados para acabamento sofisticado. Compre e eleve seu projeto!","147","933","","0","Entretelas Tecido de Algodão Termocolante ETP","45","Total: R$0,00","13","R$112,90","8","","","","https://www.lolaaviamentos.com.br/produtos/entretelas-tecido-de-algodao-termocolante-etp-15m-x-100m/","","","","","","781997","144005","144005","55.166","","902","247","3.652","72.852","Fairly Easy","0.795","2","2","","49","9","0","6.340","100","38","0","22","13","0","","","","","58383ffeacc7dbe9b7c909c1e28b7787","0.086","Thu, 23 Jul 2026 15:01:21 GMT","","","","pt","1.1","","","","","","https://www.lolaaviamentos.com.br/produtos/entretelas-tecido-de-algodao-termocolante-etp-15m-x-100m/","2026-07-23 13:55:47"
"https://www.lolaaviamentos.com.br/produtos/entretela-de-tnt-micro-ponto-termocolante-30g-lab-401-402/","text/html; charset=UTF-8","200","OK","Indexable","","Entretela de TNT (Micro Ponto) Termocolante 30g Lab-401/402","59","564","As Entretelas de Alfaiataria LAB são essenciais para quem busca durabilidade, reforço e um acabamento profissional em peças como blazers, vestidos, bonés, go...","160","1007","","0","Entretela de TNT (Micro Ponto) Termocolante 30g Lab-401/402","59","Total: R$0,00","13","R$39,90","7","","","","https://www.lolaaviamentos.com.br/produtos/entretela-de-tnt-micro-ponto-termocolante-30g-lab-401-402/","","","","","","735885","142279","142279","54.504","","915","256","3.574","70.066","Fairly Easy","0.888","2","2","","48","7","0","4.930","111","40","0","23","14","0","","","","","c926975226ebeb2b3c7e8ff9c64470b3","0.556","Thu, 23 Jul 2026 16:55:48 GMT","","","","pt","1.1","","","","","","https://www.lolaaviamentos.com.br/produtos/entretela-de-tnt-micro-ponto-termocolante-30g-lab-401-402/","2026-07-23 13:55:47"
"https://www.lolaaviamentos.com.br/produtos/entretela-de-tnt-micro-ponto-termocolante-40g-lab-403-404/","text/html; charset=UTF-8","200","OK","Indexable","","Entretela de TNT (Micro Ponto) Termocolante 40g Lab-403/404","59","564","As Entretelas de Alfaiataria LAB são essenciais para quem busca durabilidade, reforço e um acabamento profissional em peças como blazers, vestidos, bonés, go...","160","1007","","0","Entretela de TNT (Micro Ponto) Termocolante 40g Lab-403/404","59","Total: R$0,00","13","R$47,90","7","","","","https://www.lolaaviamentos.com.br/produtos/entretela-de-tnt-micro-ponto-termocolante-40g-lab-403-404/","","","","","","752964","143293","143293","54.893","","927","259","3.579","71.420","Fairly Easy","0.876","2","2","","54","9","0","6.340","111","40","0","24","15","0","","","","","f7b33413f94c49a214e4309588c4c8b6","0.535","Thu, 23 Jul 2026 16:55:48 GMT","","","","pt","1.1","","","","","","https://www.lolaaviamentos.com.br/produtos/entretela-de-tnt-micro-ponto-termocolante-40g-lab-403-404/","2026-07-23 13:55:47"
"https://www.lolaaviamentos.com.br/produtos/entretela-de-tnt-micro-ponto-termocolante-50g-lab-405-406/","text/html; charset=UTF-8","200","OK","Indexable","","Entretela de TNT (Micro Ponto) Termocolante 50g Lab-405/406","59","564","As Entretelas de Alfaiataria LAB são essenciais para quem busca durabilidade, reforço e um acabamento profissional em peças como blazers, vestidos, bonés, go...","160","1007","","0","Entretela de TNT (Micro Ponto) Termocolante 50g Lab-405/406","59","Total: R$0,00","13","R$58,90","7","","","","https://www.lolaaviamentos.com.br/produtos/entretela-de-tnt-micro-ponto-termocolante-50g-lab-405-406/","","","","","","741000","142807","142807","54.707","","932","259","3.598","71.925","Fairly Easy","0.894","2","2","","48","7","0","4.930","111","40","0","23","14","0","","","","","882ef42e611c99de935a2c19a29615e9","0.591","Thu, 23 Jul 2026 16:55:48 GMT","","","","pt","1.1","","","","","","https://www.lolaaviamentos.com.br/produtos/entretela-de-tnt-micro-ponto-termocolante-50g-lab-405-406/","2026-07-23 13:55:47"
"https://www.lolaaviamentos.com.br/produtos/entretela-hidrossoluvel-para-bordado-40g-157-100m/","text/html; charset=UTF-8","200","OK","Indexable","","Entretela Hidrossolúvel para Bordado 40g 1,57 x 100m","52","482","A entretela hidrossolúvel podem ser dissolvida em água fria ou quente, a vantagem é a facilidade de limpeza do bordado.","119","743","","0","Entretela Hidrossolúvel para Bordado 40g Laf-40","47","Total: R$0,00","13","R$2.413,90","10","","","","https://www.lolaaviamentos.com.br/produtos/entretela-hidrossoluvel-para-bordado-40g-157-100m/","","","","","","707421","140523","140523","53.832","","906","264","3.432","70.009","Fairly Easy","0.891","2","2","","38","5","0","3.520","101","38","0","19","10","0","","","","","90149c818701c28a1f8f94535638d5bb","0.560","Thu, 23 Jul 2026 16:55:48 GMT","","","","pt","1.1","","","","","","https://www.lolaaviamentos.com.br/produtos/entretela-hidrossoluvel-para-bordado-40g-157-100m/","2026-07-23 13:55:48"
"https://www.lolaaviamentos.com.br/produtos/entretela-de-tecido-plano-termocolante-30g-lab-101-102/","text/html; charset=UTF-8","200","OK","Indexable","","Entretela Termocolante Leve 30g","31","297","Entretela tecido termocolante leve 30g, fácil fixação com ferro e prensa. Ideal para roupas, bordados e alfaiataria. Compre agora e garanta qualidade!","150","923","","0","Entretela de Tecido Plano Termocolante 30g Lab-101/102","54","Total: R$0,00","13","R$91,90","7","","","","https://www.lolaaviamentos.com.br/produtos/entretela-de-tecido-plano-termocolante-30g-lab-101-102/","","","","","","737088","139818","139818","53.562","","880","240","3.667","69.003","Normal","0.834","2","2","","44","7","0","4.930","101","38","0","23","14","0","","","","","5358a9ebf7d9a9103a6dcf260bf66353","0.097","Thu, 23 Jul 2026 14:58:15 GMT","","","","pt","1.1","","","","","","https://www.lolaaviamentos.com.br/produtos/entretela-de-tecido-plano-termocolante-30g-lab-101-102/","2026-07-23 13:55:48"
"https://www.lolaaviamentos.com.br/produtos/entretela-de-tecido-plano-termocolante-60g-lab-601-602/","text/html; charset=UTF-8","200","OK","Indexable","","Entretela de Tecido Plano Termocolante 60g Lab-601/602","54","515","As Entretelas de Alfaiataria LAB são essenciais para quem busca durabilidade, reforço e um acabamento profissional em peças como blazers, vestidos, bonés, go...","160","1007","","0","Entretela de Tecido Plano Termocolante 60g Lab-601/602","54","Total: R$0,00","13","R$117,90","8","","","","https://www.lolaaviamentos.com.br/produtos/entretela-de-tecido-plano-termocolante-60g-lab-601-602/","","","","","","726917","139614","139614","53.483","","874","240","3.642","69.657","Normal","0.841","2","2","","41","6","0","4.230","101","38","0","23","14","0","","","","","fc8f7c170379cb34a9fc7dddb6fff3f3","0.701","Thu, 23 Jul 2026 16:55:49 GMT","","","","pt","1.1","","","","","","https://www.lolaaviamentos.com.br/produtos/entretela-de-tecido-plano-termocolante-60g-lab-601-602/","2026-07-23 13:55:48"
"https://www.lolaaviamentos.com.br/produtos/vies-tecido-fosco-55mm-carneira-18ql1/","text/html; charset=UTF-8","200","OK","Indexable","","Viés Tecido Fosco 55mm - Carneira","33","317","O viés tecido Lola é composto de algodão e poliéster, é utilizado a fim de dar um melhor acabamento as peças da confecção e vestuário. Especificações: Tipo d...","160","989","","0","Viés Tecido Fosco 55mm - Carneira","33","Total: R$0,00","13","R$330,00","8","","","","https://www.lolaaviamentos.com.br/produtos/vies-tecido-fosco-55mm-carneira-18ql1/","","","","","","1012938","137063","137063","52.506","","817","232","3.522","77.655","Fairly Easy","0.548","2","2","","39","7","0","4.930","96","38","0","19","10","0","","","","","e903bce518f7c850e42a49208a853b5c","0.581","Thu, 23 Jul 2026 16:55:49 GMT","","","","pt","1.1","","","","","","https://www.lolaaviamentos.com.br/produtos/vies-tecido-fosco-55mm-carneira-18ql1/","2026-07-23 13:55:49"
"https://www.lolaaviamentos.com.br/produtos/entretela-de-malha-termocolante-45g-lab-701-702/","text/html; charset=UTF-8","200","OK","Indexable","","Entretela de Malha Termocolante 45g LAb-701/702","47","456","As Entretelas de Alfaiataria LAB são essenciais para quem busca durabilidade, reforço e um acabamento profissional em peças como blazers, vestidos, bonés, go...","160","1007","","0","Entretela de Malha Termocolante 45g LAb-701/702","47","Total: R$0,00","13","R$531,90","8","","","","https://www.lolaaviamentos.com.br/produtos/entretela-de-malha-termocolante-45g-lab-701-702/","","","","","","801316","144574","144574","55.384","","980","290","3.379","74.347","Fairly Easy","0.862","2","2","","59","10","0","7.040","122","43","0","21","12","0","","","","","1fe1487e3e725c966e773e0316afcd3e","0.578","Thu, 23 Jul 2026 16:55:49 GMT","","","","pt","1.1","","","","","","https://www.lolaaviamentos.com.br/produtos/entretela-de-malha-termocolante-45g-lab-701-702/","2026-07-23 13:55:49"
"https://www.lolaaviamentos.com.br/produtos/entretela-de-malha-termocolante-60g-lab-503-504/","text/html; charset=UTF-8","200","OK","Indexable","","Entretela de Malha Termocolante 60g Lab-503/504","47","454","As Entretelas de Alfaiataria LAB são essenciais para quem busca durabilidade, reforço e um acabamento profissional em peças como blazers, vestidos, bonés, go...","160","1007","","0","Entretela de Malha Termocolante 60g Lab-503/504","47","Total: R$0,00","13","R$91,60","7","","","","https://www.lolaaviamentos.com.br/produtos/entretela-de-malha-termocolante-60g-lab-503-504/","","","","","","842664","145171","145171","55.612","","977","287","3.404","73.492","Fairly Easy","0.817","2","2","","70","13","0","9.150","124","43","0","26","17","0","","","","","4b065f6f3fbdddcd2257e7adfee64a8f","0.655","Thu, 23 Jul 2026 16:55:49 GMT","","","","pt","1.1","","","","","","https://www.lolaaviamentos.com.br/produtos/entretela-de-malha-termocolante-60g-lab-503-504/","2026-07-23 13:55:49"
"https://www.lolaaviamentos.com.br/produtos/entretela-de-malha-termocolante-40g-150m-x-100m1/","text/html; charset=UTF-8","200","OK","Indexable","","Entretela de Malha Termocolante 40g Lab-1001/1002","49","476","As Entretelas de Alfaiataria LAB são essenciais para quem busca durabilidade, reforço e um acabamento profissional em peças como blazers, vestidos, bonés, go...","160","1007","","0","Entretela de Malha Termocolante 40g Lab-1001/1002","49","Total: R$0,00","13","R$381,90","8","","","","https://www.lolaaviamentos.com.br/produtos/entretela-de-malha-termocolante-40g-150m-x-100m1/","","","","","","809029","144815","144815","55.476","","985","290","3.397","73.868","Fairly Easy","0.859","2","2","","59","10","0","7.040","122","43","0","21","12","0","","","","","c2e323d2fad2c2730292f4e835b4b000","0.603","Thu, 23 Jul 2026 16:55:49 GMT","","","","pt","1.1","","","","","","https://www.lolaaviamentos.com.br/produtos/entretela-de-malha-termocolante-40g-150m-x-100m1/","2026-07-23 13:55:49"
"https://www.lolaaviamentos.com.br/produtos/entretela-de-malha-termocolante-60g-160m-x-100m1/","text/html; charset=UTF-8","200","OK","Indexable","","Entretela de Malha Termocolante 60g Lab-801/802","47","454","As Entretelas de Alfaiataria LAB são essenciais para quem busca durabilidade, reforço e um acabamento profissional em peças como blazers, vestidos, bonés, go...","160","1007","","0","Entretela de Malha Termocolante 60g Lab-801/802","47","Total: R$0,00","13","R$799,90","8","","","","https://www.lolaaviamentos.com.br/produtos/entretela-de-malha-termocolante-60g-160m-x-100m1/","","","","","","801368","144577","144577","55.385","","981","290","3.383","74.475","Fairly Easy","0.863","2","2","","59","10","0","7.040","122","43","0","21","12","0","","","","","a9be717d99e8cf7358dfb3929c5615a8","0.569","Thu, 23 Jul 2026 16:55:50 GMT","","","","pt","1.1","","","","","","https://www.lolaaviamentos.com.br/produtos/entretela-de-malha-termocolante-60g-160m-x-100m1/","2026-07-23 13:55:50"
"https://www.lolaaviamentos.com.br/produtos/entretela-de-malha-termocolante-40g-lab-201-202/","text/html; charset=UTF-8","200","OK","Indexable","","Entretela de Malha Termocolante 40g Lab-201/202","47","454","As Entretelas de Alfaiataria LAB são essenciais para quem busca durabilidade, reforço e um acabamento profissional em peças como blazers, vestidos, bonés, go...","160","1007","","0","Entretela de Malha Termocolante 40g Lab-201/202","47","Total: R$0,00","13","R$375,90","8","","","","https://www.lolaaviamentos.com.br/produtos/entretela-de-malha-termocolante-40g-lab-201-202/","","","","","","823670","142774","142774","54.694","","972","288","3.375","74.159","Fairly Easy","0.843","2","2","","63","10","0","7.040","126","43","0","23","14","0","","","","","a9877681dbe48af4812d601bccc72f97","0.580","Thu, 23 Jul 2026 16:55:50 GMT","","","","pt","1.1","","","","","","https://www.lolaaviamentos.com.br/produtos/entretela-de-malha-termocolante-40g-lab-201-202/","2026-07-23 13:55:50"
"https://www.lolaaviamentos.com.br/produtos/entretela-de-malha-termocolante-80g-lab-901-902/","text/html; charset=UTF-8","200","OK","Indexable","","Entretela de Malha Termocolante 80g Lab-901/902","47","454","As Entretelas de Alfaiataria LAB são essenciais para quem busca durabilidade, reforço e um acabamento profissional em peças como blazers, vestidos, bonés, go...","160","1007","","0","Entretela de Malha Termocolante 80g Lab-901/902","47","Total: R$0,00","13","R$1.331,90","10","","","","https://www.lolaaviamentos.com.br/produtos/entretela-de-malha-termocolante-80g-lab-901-902/","","","","","","801514","144698","144698","55.431","","981","312","3.144","74.631","Fairly Easy","0.869","2","2","","59","10","0","7.040","122","43","0","21","12","0","","","","","5a012b99211db856b3e72ff95b29bc4a","0.604","Thu, 23 Jul 2026 16:55:50 GMT","","","","pt","1.1","","","","","","https://www.lolaaviamentos.com.br/produtos/entretela-de-malha-termocolante-80g-lab-901-902/","2026-07-23 13:55:50"
"https://www.lolaaviamentos.com.br/produtos/aba-plastica-para-bone-curva-20kg-ab-230/","text/html; charset=UTF-8","200","OK","Indexable","","Aba Plástica Curva para Boné 20kg AB-230 - Material Puro e Leve","63","582","Abas plásticas curvas para boné AB-230, 20kg, feitas com material virgem puro, sem impurezas. Acabamento sem rebarbas e praticidade na costura. Compre já!","154","992","","0","Aba Plástica para Boné Curva 20kg AB-230","40","Total: R$0,00","13","R$516,90","8","","","","https://www.lolaaviamentos.com.br/produtos/aba-plastica-para-bone-curva-20kg-ab-230/","","","","","","1054470","155428","155428","59.542","","1022","302","3.384","78.487","Fairly Easy","0.667","2","2","","60","10","0","7.040","126","43","0","20","11","0","","","","","8e3af48eedeaa721cf39e3643a44a7e5","0.973","Thu, 23 Jul 2026 16:55:51 GMT","","","","pt","1.1","","","","","","https://www.lolaaviamentos.com.br/produtos/aba-plastica-para-bone-curva-20kg-ab-230/","2026-07-23 13:55:50"
"https://www.lolaaviamentos.com.br/produtos/aba-plastica-para-bone-curva-196kg-ab-50/","text/html; charset=UTF-8","200","OK","Indexable","","Aba Plástica Curva para Boné 19,6kg AB-50 - Material Puro e Leve","64","586","Aba plástica curva para boné AB-50, 19,6kg, material virgem, leve e sem impurezas. Garanta acabamento perfeito sem limpeza pós-costura. Compre já!","146","933","","0","Aba Plástica para Boné Curva 19,6kg AB-50","41","Total: R$0,00","13","R$535,90","8","","","","https://www.lolaaviamentos.com.br/produtos/aba-plastica-para-bone-curva-196kg-ab-50/","","","","","","1097209","155964","155964","59.747","","1055","304","3.470","77.495","Fairly Easy","0.660","2","2","","50","7","0","4.930","125","43","0","19","10","0","","","","","2a60b47b3b9c6c987af29cb41867aaa5","0.878","Thu, 23 Jul 2026 16:55:51 GMT","","","","pt","1.1","","","","","","https://www.lolaaviamentos.com.br/produtos/aba-plastica-para-bone-curva-196kg-ab-50/","2026-07-23 13:55:50"
"https://www.lolaaviamentos.com.br/produtos/maquina-de-pregar-botao-automatica-bp-1000/","text/html; charset=UTF-8","200","OK","Indexable","","Máquina de Encapar Botão","24","238","Máquina de encapar Botão Lola oferece alta produtividade, atingindo a marca de 1.500 botões encapados por hora com descarte automático de peças virada","150","975","","0","Máquina de Pregar Botão Automática BP-1000","42","Total: R$0,00","13","","0","","","","https://www.lolaaviamentos.com.br/produtos/maquina-de-pregar-botao-automatica-bp-1000/","","","","","","672248","132225","132225","50.653","","801","241","3.324","66.264","Normal","0.807","2","2","","61","12","0","8.450","120","44","0","24","15","0","","","","","e31776ecc65f3d91bc3e56956aa8ffe7","0.081","Thu, 23 Jul 2026 15:03:12 GMT","","","","pt","1.1","","","","","","https://www.lolaaviamentos.com.br/produtos/maquina-de-pregar-botao-automatica-bp-1000/","2026-07-23 13:55:52"
"https://www.lolaaviamentos.com.br/produtos/botao-de-forrar-encapar-para-bone-15mm-1-000un-1rtwf/","text/html; charset=UTF-8","200","OK","Indexable","","Botão de Forrar / Encapar para Boné 15 mm 1.000un.","50","472","O botão de forrar ou botão de encapar para boné, é aplicado na parte superior do boné e fixado à base por meio de 3 garras. O botão de encapar Lola utiliza u...","160","983","","0","Botão de Forrar / Encapar para Boné 15 mm 1.000un.","50","Total: R$0,00","13","R$88,90","7","","","","https://www.lolaaviamentos.com.br/produtos/botao-de-forrar-encapar-para-bone-15mm-1-000un-1rtwf/","","","","","","1387616","154191","154191","59.068","","1011","297","3.404","81.961","Easy","0.491","2","2","","41","3","0","2.110","127","44","0","20","11","0","","","","","90ca9c9eb7cf993110fe8c80129e9b1e","0.627","Thu, 23 Jul 2026 16:55:52 GMT","","","","pt","1.1","","","","","","https://www.lolaaviamentos.com.br/produtos/botao-de-forrar-encapar-para-bone-15mm-1-000un-1rtwf/","2026-07-23 13:55:52"
"https://www.lolaaviamentos.com.br/produtos/maquina-de-dublagem-de-bones-por-moldes-hpw-2/","text/html; charset=UTF-8","200","OK","Indexable","","Máquina de Dublagem de Bonés por Moldes","39","391","A máquina HPW-2 permite que a dublagem da entretela no boné seja realizado depois dos processos de corte e costura da frente da peça, e do bordado.","147","937","","0","Máquina de Dublagem de Bonés por Moldes HPW-2","45","Total: R$0,00","13","","0","","","","https://www.lolaaviamentos.com.br/produtos/maquina-de-dublagem-de-bones-por-moldes-hpw-2/","","","","","","668948","132253","132253","50.664","","902","256","3.523","64.541","Normal","0.899","2","2","","55","10","0","7.040","120","44","0","23","14","0","","","","","7d073b8f9660b4429f8de96053dee103","0.532","Thu, 23 Jul 2026 16:55:52 GMT","","","","pt","1.1","","","","","","https://www.lolaaviamentos.com.br/produtos/maquina-de-dublagem-de-bones-por-moldes-hpw-2/","2026-07-23 13:55:52"
"https://www.lolaaviamentos.com.br/produtos/maquina-manual-de-coformar-bones/","text/html; charset=UTF-8","200","OK","Indexable","","Máquina Manual de Conformar Bonés","33","336","Desenvolvida para passadoria de bonés com agilidade e versatilidade, a Máquina de Passadoria Lola Soluções, possui um sistema inovador de aquecimento","149","962","","0","Máquina Manual de Conformar Bonés MPH-1000","42","Total: R$0,00","13","","0","","","","https://www.lolaaviamentos.com.br/produtos/maquina-manual-de-coformar-bones/","","","","","","668205","131933","131933","50.541","","799","239","3.343","67.489","Normal","0.809","2","2","","58","11","0","7.750","120","44","0","23","14","0","","","","","948b322b918e9707e542187f89068d16","0.566","Thu, 23 Jul 2026 16:55:52 GMT","","","","pt","1.1","","","","","","https://www.lolaaviamentos.com.br/produtos/maquina-manual-de-coformar-bones/","2026-07-23 13:55:52"
"https://www.lolaaviamentos.com.br/produtos/maquina-de-conformar-bones/","text/html; charset=UTF-8","200","OK","Indexable","","Máquina Pneumática de Conformar Bonés","37","378","Desenvolvida para passadoria de bonés com agilidade e versatilidade, a Máquina de Passadoria Lola Soluções, possui um sistema inovador de aquecimento","149","962","","0","Máquina Pneumática de Conformar Bonés HP-2","42","Total: R$0,00","13","","0","","","","https://www.lolaaviamentos.com.br/produtos/maquina-de-conformar-bones/","","","","","","669522","131864","131864","50.515","","819","243","3.370","65.823","Normal","0.824","2","2","","55","10","0","7.040","120","44","0","23","14","0","","","","","ecf06ddda969bc9fa444bfed7a87921f","0.516","Thu, 23 Jul 2026 16:55:52 GMT","","","","pt","1.1","","","","","","https://www.lolaaviamentos.com.br/produtos/maquina-de-conformar-bones/","2026-07-23 13:55:52"
"https://www.lolaaviamentos.com.br/produtos/maquina-transfer-mt-1500/","text/html; charset=UTF-8","200","OK","Indexable","","Máquina Transfer MT-1500: Personalize Camisetas e Bonés Fácil","61","581","Máquina Transfer MT-1500 com base reta/curva, painel LED e controle fácil. Ideal para camisetas, bonés e mais. Compre agora e personalize já!","141","887","","0","Máquina Transfer MT-1500","24","Total: R$0,00","13","R$1.690,00","10","","","","https://www.lolaaviamentos.com.br/produtos/maquina-transfer-mt-1500/","","","","","","683536","133372","133372","51.092","","925","282","3.280","73.176","Fairly Easy","0.906","2","2","","58","12","0","8.450","117","44","0","20","11","0","","","","","396749686ea2a5c2f5f73b56c35634f","0.651","Thu, 23 Jul 2026 16:55:53 GMT","","","","pt","1.1","","","","","","https://www.lolaaviamentos.com.br/produtos/maquina-transfer-mt-1500/","2026-07-23 13:55:53"
"https://www.lolaaviamentos.com.br/produtos/base-maquina-transfer-mt-1500/","text/html; charset=UTF-8","200","OK","Indexable","","Base Máquina Transfer MT-1500 para Personalização Precisa","57","550","Base MT-1500 ideal para aplicar entretelas termo adesivas, transfers e bordados em camisetas, bonés e mais. Personalize com facilidade!","135","850","","0","Base Máquina Transfer MT-1500","29","Total: R$0,00","13","R$399,00","8","","","","https://www.lolaaviamentos.com.br/produtos/base-maquina-transfer-mt-1500/","","","","","","669890","131177","131177","50.251","","847","235","3.604","73.530","Fairly Easy","0.842","2","2","","52","12","0","8.450","111","44","0","20","11","0","","","","","64f71143f0dbc3196b11a186692e193f","0.669","Thu, 23 Jul 2026 16:55:53 GMT","","","","pt","1.1","","","","","","https://www.lolaaviamentos.com.br/produtos/base-maquina-transfer-mt-1500/","2026-07-23 13:55:53"
"https://www.lolaaviamentos.com.br/produtos/maquina-de-encapar-botao-semi/","text/html; charset=UTF-8","200","OK","Indexable","","Máquina de Encapar Botão Semi Automática","40","398","Máquina de encapar Botão Lola oferece alta produtividade, atingindo a marca de 1.500 botões encapados por hora com descarte automático de peças virada","150","975","","0","Máquina de Encapar Botão Semi Automática ME-550","47","Total: R$0,00","13","","0","","","","https://www.lolaaviamentos.com.br/produtos/maquina-de-encapar-botao-semi/","","","","","","657456","130444","130444","49.971","","783","237","3.304","66.263","Normal","0.808","2","2","","54","11","0","7.750","116","44","0","19","10","0","","","","","40fc7af43b063848826a7ade7ec18d3d","0.706","Thu, 23 Jul 2026 16:55:54 GMT","","","","pt","1.1","","","","","","https://www.lolaaviamentos.com.br/produtos/maquina-de-encapar-botao-semi/","2026-07-23 13:55:53"
"https://www.lolaaviamentos.com.br/produtos/maquina-de-passadoria/","text/html; charset=UTF-8","200","OK","Indexable","","Máquina de Passar para Bonés","28","276","Desenvolvida para passadoria de bonés com agilidade e versatilidade, a Máquina de Passadoria Lola Soluções, possui um sistema inovador de aquecimento","149","962","","0","Máquina de Passadoria","21","Total: R$0,00","13","","0","","","","https://www.lolaaviamentos.com.br/produtos/maquina-de-passadoria/","","","","","","659668","130912","130912","50.150","","830","245","3.388","60.800","Normal","0.862","2","2","","52","10","0","7.040","117","44","0","20","11","0","","","","","4184dda49ee73569cadc16d68f6dc80f","0.560","Thu, 23 Jul 2026 16:55:54 GMT","","","","pt","1.1","","","","","","https://www.lolaaviamentos.com.br/produtos/maquina-de-passadoria/","2026-07-23 13:55:53"
"https://www.lolaaviamentos.com.br/produtos/maquina-de-costura-na-aba-reta-automatica-filigrana-mca-2500/","text/html; charset=UTF-8","200","OK","Indexable","","Máquina de Costura na Aba Reta Automática Filigrana","51","483","A máquina filigrana de costura na aba padroniza as costuras, aumenta a produtividade e possui baixo custo de manutenção. Produção média de 1200 abas.","149","969","","0","Máquina de Costura na Aba Reta Automática Filigrana MCA-2500","60","Total: R$0,00","13","","0","","","","https://www.lolaaviamentos.com.br/produtos/maquina-de-costura-na-aba-reta-automatica-filigrana-mca-2500/","","","","","","660940","131225","131225","50.270","","847","248","3.415","64.932","Normal","0.858","2","2","","55","11","0","7.750","117","44","0","20","11","0","","","","","900ea139840bfaa01f1a093d95da9baa","0.495","Thu, 23 Jul 2026 16:55:54 GMT","","","","pt","1.1","","","","","","https://www.lolaaviamentos.com.br/produtos/maquina-de-costura-na-aba-reta-automatica-filigrana-mca-2500/","2026-07-23 13:55:53"
