"Address","Content Type","Status Code","Status","Indexability","Indexability Status","Title 1","Title 1 Length","Title 1 Pixel Width","Meta Description 1","Meta Description 1 Length","Meta Description 1 Pixel Width","Meta Description 2","Meta Description 2 Length","Meta Description 2 Pixel Width","Meta Keywords 1","Meta Keywords 1 Length","H1-1","H1-1 Length","H1-2","H1-2 Length","H2-1","H2-1 Length","H2-2","H2-2 Length","Meta Robots 1","X-Robots-Tag 1","Meta Refresh 1","Canonical Link Element 1","rel=""next"" 1","rel=""prev"" 1","HTTP rel=""next"" 1","HTTP rel=""prev"" 1","amphtml Link Element","Size (bytes)","Transferred (bytes)","Total Transferred (bytes)","CO2 (mg)","Carbon Rating","Word Count","Sentence Count","Average Words Per Sentence","Flesch Reading Ease Score","Readability","Text Ratio","Crawl Depth","Folder Depth","Link Score","Inlinks","Unique Inlinks","Unique JS Inlinks","% of Total","Outlinks","Unique Outlinks","Unique JS Outlinks","External Outlinks","Unique External Outlinks","Unique External JS Outlinks","Closest Near Duplicate Match","No. Near Duplicates","Spelling Errors","Grammar Errors","Hash","Response Time","Last Modified","Redirect URL","Redirect Type","Cookies","Language","HTTP Version","Mobile Alternate Link","Closest Semantically Similar Address","Semantic Similarity Score","No. Semantically Similar","Semantic Relevance Score","URL Encoded Address","Crawl Timestamp"
"https://preview.indianapolis.com.br/","text/html; charset=UTF-8","200","OK","Indexable","","Peças em Ferro Fundido e Usinagem | Metal Indianópolis","54","506","Fabricante de peças em ferro fundido nodular e cinzento com usinagem CNC de precisão. Mais de 60 anos de tradição e certificação ISO 9001. Solicite cotação!","156","983","","0","0","","0","","0","","0","(11) 4649-7722","14","vendas@indianapolis.com.br","26","index, follow, max-image-preview:large, max-snippet:-1, max-video-preview:-1","","","https://preview.indianapolis.com.br/","","","","","","304485","51698","51698","19.805","","1323","334","3.961","16.285","Very Hard","3.274","0","0","","187","42","0","100.000","45","11","0","3","3","0","","","","","bafece184af8b32d13460f6f8e30e0e8","0.587","","","","","pt-BR","1.1","","","","","","https://preview.indianapolis.com.br/","2026-06-22 21:10:26"
"https://preview.indianapolis.com.br/wp-content/uploads/2026/05/blog-fabrica-de-roldanas-f43dbe2caf-convertido-de-jpg.webp","image/webp","200","OK","Indexable","","","0","0","","0","0","","0","0","","0","","0","","0","","0","","0","","","","","","","","","","16774","16774","16774","6.426","","0","","","","","0.000","1","4","","0","0","0","0.000","0","0","0","0","0","0","","","","","","0.032","Fri, 22 May 2026 13:18:47 GMT","","","","","1.1","","","","","","https://preview.indianapolis.com.br/wp-content/uploads/2026/05/blog-fabrica-de-roldanas-f43dbe2caf-convertido-de-jpg.webp","2026-06-22 21:10:31"
"https://preview.indianapolis.com.br/wp-content/plugins/woocommerce/assets/css/woocommerce-smallscreen.css?ver=10.7.0","text/css","200","OK","Indexable","","","0","0","","0","0","","0","0","","0","","0","","0","","0","","0","","","","","","","","","","1272","1272","1272","0.487","","0","","","","","0.000","1","5","","0","0","0","0.000","0","0","0","0","0","0","","","","","","0.093","Mon, 22 Jun 2026 20:31:56 GMT","","","","","1.1","","","","","","https://preview.indianapolis.com.br/wp-content/plugins/woocommerce/assets/css/woocommerce-smallscreen.css?ver=10.7.0","2026-06-22 21:10:31"
"https://preview.indianapolis.com.br/wp-includes/js/jquery/ui/core.min.js?ver=1.13.3","application/x-javascript","200","OK","Indexable","","","0","0","","0","0","","0","0","","0","","0","","0","","0","","0","","","","","","","","","","7101","7101","7101","2.720","","0","","","","","0.000","1","4","","0","0","0","0.000","0","0","0","0","0","0","","","","","","0.126","Fri, 17 Apr 2026 13:40:22 GMT","","","","","1.1","","","","","","https://preview.indianapolis.com.br/wp-includes/js/jquery/ui/core.min.js?ver=1.13.3","2026-06-22 21:10:31"
"https://preview.indianapolis.com.br/wp-content/plugins/royal-elementor-addons/assets/js/frontend.min.js?ver=1.7.1061","application/x-javascript","200","OK","Indexable","","","0","0","","0","0","","0","0","","0","","0","","0","","0","","0","","","","","","","","","","60840","60840","60840","23.307","","0","","","","","0.000","1","5","","0","0","0","0.000","0","0","0","0","0","0","","","","","","0.125","Mon, 22 Jun 2026 20:32:05 GMT","","","","","1.1","","","","","","https://preview.indianapolis.com.br/wp-content/plugins/royal-elementor-addons/assets/js/frontend.min.js?ver=1.7.1061","2026-06-22 21:10:31"
"https://preview.indianapolis.com.br/wp-content/plugins/header-footer-elementor/assets/css/header-footer-elementor.css?ver=2.8.7","text/css","200","OK","Indexable","","","0","0","","0","0","","0","0","","0","","0","","0","","0","","0","","","","","","","","","","322","322","322","0.123","","0","","","","","0.000","1","5","","0","0","0","0.000","0","0","0","0","0","0","","","","","","0.135","Mon, 22 Jun 2026 20:31:53 GMT","","","","","1.1","","","","","","https://preview.indianapolis.com.br/wp-content/plugins/header-footer-elementor/assets/css/header-footer-elementor.css?ver=2.8.7","2026-06-22 21:10:31"
"https://preview.indianapolis.com.br/wp-includes/js/dist/hooks.min.js?ver=dd5603f07f9220ed27f1","application/x-javascript","200","OK","Indexable","","","0","0","","0","0","","0","0","","0","","0","","0","","0","","0","","","","","","","","","","1939","1939","1939","0.743","","0","","","","","0.000","1","3","","0","0","0","0.000","0","0","0","0","0","0","","","","","","0.097","Fri, 17 Apr 2026 13:40:22 GMT","","","","","1.1","","","","","","https://preview.indianapolis.com.br/wp-includes/js/dist/hooks.min.js?ver=dd5603f07f9220ed27f1","2026-06-22 21:10:31"
"https://preview.indianapolis.com.br/wp-content/themes/hello-elementor/assets/css/theme.css?ver=3.4.7","text/css","200","OK","Indexable","","","0","0","","0","0","","0","0","","0","","0","","0","","0","","0","","","","","","","","","","1272","1272","1272","0.487","","0","","","","","0.000","1","5","","0","0","0","0.000","0","0","0","0","0","0","","","","","","0.091","Mon, 22 Jun 2026 20:31:49 GMT","","","","","1.1","","","","","","https://preview.indianapolis.com.br/wp-content/themes/hello-elementor/assets/css/theme.css?ver=3.4.7","2026-06-22 21:10:31"
"https://preview.indianapolis.com.br/wp-content/plugins/royal-elementor-addons/assets/css/lib/animations/wpr-link-animations.min.css?ver=1.7.1061","text/css","200","OK","Indexable","","","0","0","","0","0","","0","0","","0","","0","","0","","0","","0","","","","","","","","","","869","869","869","0.333","","0","","","","","0.000","1","7","","0","0","0","0.000","0","0","0","0","0","0","","","","","","0.105","Mon, 22 Jun 2026 20:32:05 GMT","","","","","1.1","","","","","","https://preview.indianapolis.com.br/wp-content/plugins/royal-elementor-addons/assets/css/lib/animations/wpr-link-animations.min.css?ver=1.7.1061","2026-06-22 21:10:31"
"https://preview.indianapolis.com.br/wp-content/plugins/elementor/assets/js/webpack.runtime.min.js?ver=4.1.1","application/x-javascript","200","OK","Indexable","","","0","0","","0","0","","0","0","","0","","0","","0","","0","","0","","","","","","","","","","2544","2544","2544","0.975","","0","","","","","0.000","1","5","","0","0","0","0.000","0","0","0","0","0","0","","","","","","0.106","Mon, 22 Jun 2026 20:32:07 GMT","","","","","1.1","","","","","","https://preview.indianapolis.com.br/wp-content/plugins/elementor/assets/js/webpack.runtime.min.js?ver=4.1.1","2026-06-22 21:10:31"
"https://preview.indianapolis.com.br/wp-content/plugins/elementor/assets/css/widget-divider.min.css?ver=4.1.1","text/css","200","OK","Indexable","","","0","0","","0","0","","0","0","","0","","0","","0","","0","","0","","","","","","","","","","735","735","735","0.282","","0","","","","","0.000","1","5","","0","0","0","0.000","0","0","0","0","0","0","","","","","","0.098","Mon, 22 Jun 2026 20:32:06 GMT","","","","","1.1","","","","","","https://preview.indianapolis.com.br/wp-content/plugins/elementor/assets/css/widget-divider.min.css?ver=4.1.1","2026-06-22 21:10:31"
"https://preview.indianapolis.com.br/wp-content/plugins/elementor/assets/js/frontend-modules.min.js?ver=4.1.1","application/x-javascript","200","OK","Indexable","","","0","0","","0","0","","0","0","","0","","0","","0","","0","","0","","","","","","","","","","15878","15878","15878","6.083","","0","","","","","0.000","1","5","","0","0","0","0.000","0","0","0","0","0","0","","","","","","0.119","Mon, 22 Jun 2026 20:32:06 GMT","","","","","1.1","","","","","","https://preview.indianapolis.com.br/wp-content/plugins/elementor/assets/js/frontend-modules.min.js?ver=4.1.1","2026-06-22 21:10:31"
"https://preview.indianapolis.com.br/wp-content/plugins/royal-elementor-addons/assets/js/modal-popups.min.js?ver=1.7.1061","application/x-javascript","200","OK","Indexable","","","0","0","","0","0","","0","0","","0","","0","","0","","0","","0","","","","","","","","","","2806","2806","2806","1.075","","0","","","","","0.000","1","5","","0","0","0","0.000","0","0","0","0","0","0","","","","","","0.112","Mon, 22 Jun 2026 20:32:05 GMT","","","","","1.1","","","","","","https://preview.indianapolis.com.br/wp-content/plugins/royal-elementor-addons/assets/js/modal-popups.min.js?ver=1.7.1061","2026-06-22 21:10:31"
"https://preview.indianapolis.com.br/wp-content/plugins/elementor/assets/css/widget-image.min.css?ver=4.1.1","text/css","200","OK","Indexable","","","0","0","","0","0","","0","0","","0","","0","","0","","0","","0","","","","","","","","","","214","214","214","0.082","","0","","","","","0.000","1","5","","0","0","0","0.000","0","0","0","0","0","0","","","","","","0.125","Mon, 22 Jun 2026 20:32:06 GMT","","","","","1.1","","","","","","https://preview.indianapolis.com.br/wp-content/plugins/elementor/assets/css/widget-image.min.css?ver=4.1.1","2026-06-22 21:10:31"
"https://preview.indianapolis.com.br/wp-content/plugins/royal-elementor-addons/assets/js/lib/parallax/parallax.min.js?ver=1.0","application/x-javascript","200","OK","Indexable","","","0","0","","0","0","","0","0","","0","","0","","0","","0","","0","","","","","","","","","","5204","5204","5204","1.994","","0","","","","","0.000","1","7","","0","0","0","0.000","0","0","0","0","0","0","","","","","","0.126","Mon, 22 Jun 2026 20:32:05 GMT","","","","","1.1","","","","","","https://preview.indianapolis.com.br/wp-content/plugins/royal-elementor-addons/assets/js/lib/parallax/parallax.min.js?ver=1.0","2026-06-22 21:10:31"
"https://preview.indianapolis.com.br/wp-content/plugins/elementor/assets/css/frontend.min.css?ver=4.1.1","text/css","200","OK","Indexable","","","0","0","","0","0","","0","0","","0","","0","","0","","0","","0","","","","","","","","","","7215","7215","7215","2.764","","0","","","","","0.000","1","5","","0","0","0","0.000","0","0","0","0","0","0","","","","","","0.118","Mon, 22 Jun 2026 20:32:06 GMT","","","","","1.1","","","","","","https://preview.indianapolis.com.br/wp-content/plugins/elementor/assets/css/frontend.min.css?ver=4.1.1","2026-06-22 21:10:32"
"https://preview.indianapolis.com.br/wp-content/uploads/2026/05/Rectangle-4-1-convertido-de-png.webp","image/webp","200","OK","Indexable","","","0","0","","0","0","","0","0","","0","","0","","0","","0","","0","","","","","","","","","","26918","26918","26918","10.312","","0","","","","","0.000","1","4","","0","0","0","0.000","0","0","0","0","0","0","","","","","","0.107","Mon, 18 May 2026 19:29:10 GMT","","","","","1.1","","","","","","https://preview.indianapolis.com.br/wp-content/uploads/2026/05/Rectangle-4-1-convertido-de-png.webp","2026-06-22 21:10:32"
"https://preview.indianapolis.com.br/wp-content/plugins/woocommerce/assets/js/js-cookie/js.cookie.min.js?ver=2.1.4-wc.10.7.0","application/x-javascript","200","OK","Indexable","","","0","0","","0","0","","0","0","","0","","0","","0","","0","","0","","","","","","","","","","832","832","832","0.319","","0","","","","","0.000","1","6","","0","0","0","0.000","0","0","0","0","0","0","","","","","","0.086","Mon, 22 Jun 2026 20:31:59 GMT","","","","","1.1","","","","","","https://preview.indianapolis.com.br/wp-content/plugins/woocommerce/assets/js/js-cookie/js.cookie.min.js?ver=2.1.4-wc.10.7.0","2026-06-22 21:10:32"
"https://preview.indianapolis.com.br/wp-content/uploads/elementor/css/post-73.css?ver=1782160591","text/css","200","OK","Indexable","","","0","0","","0","0","","0","0","","0","","0","","0","","0","","0","","","","","","","","","","1550","1550","1550","0.594","","0","","","","","0.000","1","4","","0","0","0","0.000","0","0","0","0","0","0","","","","","","0.122","Mon, 22 Jun 2026 20:36:31 GMT","","","","","1.1","","","","","","https://preview.indianapolis.com.br/wp-content/uploads/elementor/css/post-73.css?ver=1782160591","2026-06-22 21:10:32"
"https://preview.indianapolis.com.br/wp-content/plugins/contact-form-7/includes/swv/js/index.js?ver=6.1.6","application/x-javascript","200","OK","Indexable","","","0","0","","0","0","","0","0","","0","","0","","0","","0","","0","","","","","","","","","","3500","3500","3500","1.341","","0","","","","","0.000","1","6","","0","0","0","0.000","0","0","0","0","0","0","","","","","","0.111","Mon, 22 Jun 2026 20:31:56 GMT","","","","","1.1","","","","","","https://preview.indianapolis.com.br/wp-content/plugins/contact-form-7/includes/swv/js/index.js?ver=6.1.6","2026-06-22 21:10:32"
"https://preview.indianapolis.com.br/home/","text/html; charset=UTF-8","301","Moved Permanently","Non-Indexable","Redirected","","0","0","","0","0","","0","0","","0","","0","","0","","0","","0","","","","","","","","","","0","0","0","0.000","","0","","","","","0.000","1","1","","42","42","0","100.000","0","0","0","0","0","0","","","","","","0.474","","https://preview.indianapolis.com.br/","HTTP Redirect","","","1.1","","","","","","https://preview.indianapolis.com.br/home/","2026-06-22 21:10:31"
"https://preview.indianapolis.com.br/wp-content/plugins/royal-elementor-addons/assets/css/lib/animations/loading-animations.min.css?ver=1.7.1061","text/css","200","OK","Indexable","","","0","0","","0","0","","0","0","","0","","0","","0","","0","","0","","","","","","","","","","1830","1830","1830","0.701","","0","","","","","0.000","1","7","","0","0","0","0.000","0","0","0","0","0","0","","","","","","0.038","Mon, 22 Jun 2026 20:32:05 GMT","","","","","1.1","","","","","","https://preview.indianapolis.com.br/wp-content/plugins/royal-elementor-addons/assets/css/lib/animations/loading-animations.min.css?ver=1.7.1061","2026-06-22 21:10:32"
"https://preview.indianapolis.com.br/wp-content/plugins/woocommerce/assets/js/frontend/add-to-cart.min.js?ver=10.7.0","application/x-javascript","200","OK","Indexable","","","0","0","","0","0","","0","0","","0","","0","","0","","0","","0","","","","","","","","","","1435","1435","1435","0.550","","0","","","","","0.000","1","6","","0","0","0","0.000","0","0","0","0","0","0","","","","","","0.104","Mon, 22 Jun 2026 20:31:59 GMT","","","","","1.1","","","","","","https://preview.indianapolis.com.br/wp-content/plugins/woocommerce/assets/js/frontend/add-to-cart.min.js?ver=10.7.0","2026-06-22 21:10:32"
"https://preview.indianapolis.com.br/wp-content/plugins/elementor/assets/lib/font-awesome/css/fontawesome.css?ver=5.15.3","text/css","200","OK","Indexable","","","0","0","","0","0","","0","0","","0","","0","","0","","0","","0","","","","","","","","","","12914","12914","12914","4.947","","0","","","","","0.000","1","7","","0","0","0","0.000","0","0","0","0","0","0","","","","","","0.033","Mon, 22 Jun 2026 20:32:06 GMT","","","","","1.1","","","","","","https://preview.indianapolis.com.br/wp-content/plugins/elementor/assets/lib/font-awesome/css/fontawesome.css?ver=5.15.3","2026-06-22 21:10:32"
"https://preview.indianapolis.com.br/wp-content/plugins/royal-elementor-addons/assets/css/lib/lightgallery/lightgallery.min.css?ver=1.7.1061","text/css","200","OK","Indexable","","","0","0","","0","0","","0","0","","0","","0","","0","","0","","0","","","","","","","","","","3735","3735","3735","1.431","","0","","","","","0.000","1","7","","0","0","0","0.000","0","0","0","0","0","0","","","","","","0.107","Mon, 22 Jun 2026 20:32:05 GMT","","","","","1.1","","","","","","https://preview.indianapolis.com.br/wp-content/plugins/royal-elementor-addons/assets/css/lib/lightgallery/lightgallery.min.css?ver=1.7.1061","2026-06-22 21:10:32"
"https://preview.indianapolis.com.br/wp-content/plugins/woocommerce/assets/js/jquery-blockui/jquery.blockUI.min.js?ver=2.7.0-wc.10.7.0","application/x-javascript","200","OK","Indexable","","","0","0","","0","0","","0","0","","0","","0","","0","","0","","0","","","","","","","","","","3533","3533","3533","1.353","","0","","","","","0.000","1","6","","0","0","0","0.000","0","0","0","0","0","0","","","","","","0.139","Mon, 22 Jun 2026 20:31:59 GMT","","","","","1.1","","","","","","https://preview.indianapolis.com.br/wp-content/plugins/woocommerce/assets/js/jquery-blockui/jquery.blockUI.min.js?ver=2.7.0-wc.10.7.0","2026-06-22 21:10:32"
"https://preview.indianapolis.com.br/wp-content/plugins/royal-elementor-addons/assets/css/lib/animations/button-animations.min.css?ver=1.7.1061","text/css","200","OK","Indexable","","","0","0","","0","0","","0","0","","0","","0","","0","","0","","0","","","","","","","","","","2746","2746","2746","1.052","","0","","","","","0.000","1","7","","0","0","0","0.000","0","0","0","0","0","0","","","","","","0.118","Mon, 22 Jun 2026 20:32:05 GMT","","","","","1.1","","","","","","https://preview.indianapolis.com.br/wp-content/plugins/royal-elementor-addons/assets/css/lib/animations/button-animations.min.css?ver=1.7.1061","2026-06-22 21:10:32"
"https://preview.indianapolis.com.br/wp-content/plugins/elementor/assets/css/widget-icon-list.min.css?ver=3.24.3","text/css","200","OK","Indexable","","","0","0","","0","0","","0","0","","0","","0","","0","","0","","0","","","","","","","","","","1016","1016","1016","0.389","","0","","","","","0.000","1","5","","0","0","0","0.000","0","0","0","0","0","0","","","","","","0.101","Mon, 22 Jun 2026 20:32:06 GMT","","","","","1.1","","","","","","https://preview.indianapolis.com.br/wp-content/plugins/elementor/assets/css/widget-icon-list.min.css?ver=3.24.3","2026-06-22 21:10:32"
"https://preview.indianapolis.com.br/wp-content/plugins/royal-elementor-addons/assets/js/lib/jarallax/jarallax.min.js?ver=1.12.7","application/x-javascript","200","OK","Indexable","","","0","0","","0","0","","0","0","","0","","0","","0","","0","","0","","","","","","","","","","5216","5216","5216","1.998","","0","","","","","0.000","1","7","","0","0","0","0.000","0","0","0","0","0","0","","","","","","0.083","Mon, 22 Jun 2026 20:32:05 GMT","","","","","1.1","","","","","","https://preview.indianapolis.com.br/wp-content/plugins/royal-elementor-addons/assets/js/lib/jarallax/jarallax.min.js?ver=1.12.7","2026-06-22 21:10:32"
"https://preview.indianapolis.com.br/wp-content/plugins/woocommerce/assets/js/frontend/woocommerce.min.js?ver=10.7.0","application/x-javascript","200","OK","Indexable","","","0","0","","0","0","","0","0","","0","","0","","0","","0","","0","","","","","","","","","","1528","1528","1528","0.585","","0","","","","","0.000","1","6","","0","0","0","0.000","0","0","0","0","0","0","","","","","","0.094","Mon, 22 Jun 2026 20:31:59 GMT","","","","","1.1","","","","","","https://preview.indianapolis.com.br/wp-content/plugins/woocommerce/assets/js/frontend/woocommerce.min.js?ver=10.7.0","2026-06-22 21:10:32"
"https://preview.indianapolis.com.br/ferro-fundido-cinzento/","text/html; charset=UTF-8","200","OK","Indexable","","Ferro Fundido Cinzento | Metal Indianápolis","43","385","O que é o ferro fundido cinzento? Descubra as características, tipos e aplicações desse material versátil e veja as soluções da Metal Indianápolis. Acesse!","155","941","O artigo explora as propriedades do ferro fundido cinzento, detalhando seus tipos (lamelar, nodular e compactado), suas aplicações industriais e a excelência de fabricação da Metal Indianápolis.","194","1198","","0","Ferro Fundido Cinzento: Material versátil e resistente","54","Ferro Fundido Cinzento: Material versátil e resistente","54","(11) 4649-7722","14","vendas@indianapolis.com.br","26","index, follow, max-image-preview:large, max-snippet:-1, max-video-preview:-1","","","https://preview.indianapolis.com.br/ferro-fundido-cinzento/","","","","","","323146","48026","48026","18.398","","3945","628","6.282","19.850","Very Hard","8.314","1","1","","64","14","0","33.330","96","20","0","2","2","0","","","","","2f8d4212c99ebe930d7daf23c8c06eba","0.800","","","","","pt-BR","1.1","","","","","","https://preview.indianapolis.com.br/ferro-fundido-cinzento/","2026-06-22 21:10:31"
"https://preview.indianapolis.com.br/wp-content/plugins/royal-elementor-addons/assets/css/frontend.min.css?ver=1.7.1061","text/css","200","OK","Indexable","","","0","0","","0","0","","0","0","","0","","0","","0","","0","","0","","","","","","","","","","49868","49868","49868","19.103","","0","","","","","0.000","1","5","","0","0","0","0.000","0","0","0","0","0","0","","","","","","0.129","Mon, 22 Jun 2026 20:32:05 GMT","","","","","1.1","","","","","","https://preview.indianapolis.com.br/wp-content/plugins/royal-elementor-addons/assets/css/frontend.min.css?ver=1.7.1061","2026-06-22 21:10:32"
"https://preview.indianapolis.com.br/wp-content/plugins/royal-elementor-addons/assets/css/lib/animations/text-animations.min.css?ver=1.7.1061","text/css","200","OK","Indexable","","","0","0","","0","0","","0","0","","0","","0","","0","","0","","0","","","","","","","","","","1509","1509","1509","0.578","","0","","","","","0.000","1","7","","0","0","0","0.000","0","0","0","0","0","0","","","","","","0.101","Mon, 22 Jun 2026 20:32:05 GMT","","","","","1.1","","","","","","https://preview.indianapolis.com.br/wp-content/plugins/royal-elementor-addons/assets/css/lib/animations/text-animations.min.css?ver=1.7.1061","2026-06-22 21:10:32"
"https://preview.indianapolis.com.br/wp-content/plugins/elementor/assets/css/widget-icon-list.min.css?ver=4.1.1","text/css","200","OK","Indexable","","","0","0","","0","0","","0","0","","0","","0","","0","","0","","0","","","","","","","","","","1016","1016","1016","0.389","","0","","","","","0.000","1","5","","0","0","0","0.000","0","0","0","0","0","0","","","","","","0.087","Mon, 22 Jun 2026 20:32:06 GMT","","","","","1.1","","","","","","https://preview.indianapolis.com.br/wp-content/plugins/elementor/assets/css/widget-icon-list.min.css?ver=4.1.1","2026-06-22 21:10:33"
"https://preview.indianapolis.com.br/wp-content/uploads/elementor/css/base-desktop.css?ver=6a39cccd6361e","text/css","200","OK","Indexable","","","0","0","","0","0","","0","0","","0","","0","","0","","0","","0","","","","","","","","","","543","543","543","0.208","","0","","","","","0.000","1","4","","0","0","0","0.000","0","0","0","0","0","0","","","","","","0.121","Tue, 23 Jun 2026 00:01:17 GMT","","","","","1.1","","","","","","https://preview.indianapolis.com.br/wp-content/uploads/elementor/css/base-desktop.css?ver=6a39cccd6361e","2026-06-22 21:10:33"
"https://preview.indianapolis.com.br/wp-content/plugins/complianz-gdpr/cookiebanner/js/complianz.min.js?ver=1782160325","application/x-javascript","200","OK","Indexable","","","0","0","","0","0","","0","0","","0","","0","","0","","0","","0","","","","","","","","","","10839","10839","10839","4.152","","0","","","","","0.000","1","5","","0","0","0","0.000","0","0","0","0","0","0","","","","","","0.140","Mon, 22 Jun 2026 20:32:05 GMT","","","","","1.1","","","","","","https://preview.indianapolis.com.br/wp-content/plugins/complianz-gdpr/cookiebanner/js/complianz.min.js?ver=1782160325","2026-06-22 21:10:33"
"https://preview.indianapolis.com.br/wp-content/uploads/elementor/css/post-11.css?ver=1782172877","text/css","200","OK","Indexable","","","0","0","","0","0","","0","0","","0","","0","","0","","0","","0","","","","","","","","","","14445","14445","14445","5.534","","0","","","","","0.000","1","4","","0","0","0","0.000","0","0","0","0","0","0","","","","","","0.153","Tue, 23 Jun 2026 00:01:17 GMT","","","","","1.1","","","","","","https://preview.indianapolis.com.br/wp-content/uploads/elementor/css/post-11.css?ver=1782172877","2026-06-22 21:10:33"
"https://preview.indianapolis.com.br/wp-content/plugins/header-footer-elementor/inc/widgets-css/frontend.css?ver=2.8.7","text/css","200","OK","Indexable","","","0","0","","0","0","","0","0","","0","","0","","0","","0","","0","","","","","","","","","","9092","9092","9092","3.483","","0","","","","","0.000","1","5","","0","0","0","0.000","0","0","0","0","0","0","","","","","","0.138","Mon, 22 Jun 2026 20:31:53 GMT","","","","","1.1","","","","","","https://preview.indianapolis.com.br/wp-content/plugins/header-footer-elementor/inc/widgets-css/frontend.css?ver=2.8.7","2026-06-22 21:10:33"
"https://preview.indianapolis.com.br/wp-content/plugins/complianz-gdpr/assets/css/cookieblocker.min.css?ver=1782160324","text/css","200","OK","Indexable","","","0","0","","0","0","","0","0","","0","","0","","0","","0","","0","","","","","","","","","","717","717","717","0.275","","0","","","","","0.000","1","5","","0","0","0","0.000","0","0","0","0","0","0","","","","","","0.157","Mon, 22 Jun 2026 20:32:04 GMT","","","","","1.1","","","","","","https://preview.indianapolis.com.br/wp-content/plugins/complianz-gdpr/assets/css/cookieblocker.min.css?ver=1782160324","2026-06-22 21:10:33"
"https://preview.indianapolis.com.br/wp-content/uploads/2026/05/7eTjJUHqbS33vmBMcDh6fM-1.webp","image/webp","200","OK","Indexable","","","0","0","","0","0","","0","0","","0","","0","","0","","0","","0","","","","","","","","","","7950","7950","7950","3.045","","0","","","","","0.000","1","4","","0","0","0","0.000","0","0","0","0","0","0","","","","","","0.036","Mon, 04 May 2026 19:20:03 GMT","","","","","1.1","","","","","","https://preview.indianapolis.com.br/wp-content/uploads/2026/05/7eTjJUHqbS33vmBMcDh6fM-1.webp","2026-06-22 21:10:33"
"https://preview.indianapolis.com.br/contato/","text/html; charset=UTF-8","200","OK","Indexable","","Contato | Metal Indianópolis","28","249","Entre em contato com a Metal Indianópolis. Solicite um orçamento para o seu projeto de peças em ferro fundido e usinagem CNC de precisão. Fale conosco!","151","961","","0","0","","0","","0","","0","(11) 4649-7722","14","vendas@indianapolis.com.br","26","index, follow, max-image-preview:large, max-snippet:-1, max-video-preview:-1","","","https://preview.indianapolis.com.br/contato/","","","","","","159192","31408","31408","12.032","","486","132","3.682","15.446","Very Hard","2.642","1","1","","132","42","0","100.000","23","7","0","3","3","0","","","","","19ca76bef2149b88fb72b1cd5621f3f2","0.852","","","","","pt-BR","1.1","","","","","","https://preview.indianapolis.com.br/contato/","2026-06-22 21:10:32"
"https://preview.indianapolis.com.br/wp-content/plugins/awesome-contact-form7-for-elementor/assets/css/style.css?ver=6.9.4","text/css","200","OK","Indexable","","","0","0","","0","0","","0","0","","0","","0","","0","","0","","0","","","","","","","","","","702","702","702","0.269","","0","","","","","0.000","1","5","","0","0","0","0.000","0","0","0","0","0","0","","","","","","0.322","Mon, 22 Jun 2026 20:31:54 GMT","","","","","1.1","","","","","","https://preview.indianapolis.com.br/wp-content/plugins/awesome-contact-form7-for-elementor/assets/css/style.css?ver=6.9.4","2026-06-22 21:10:33"
"https://preview.indianapolis.com.br/wp-content/themes/hello-elementor/assets/css/reset.css?ver=3.4.7","text/css","200","OK","Indexable","","","0","0","","0","0","","0","0","","0","","0","","0","","0","","0","","","","","","","","","","1785","1785","1785","0.684","","0","","","","","0.000","1","5","","0","0","0","0.000","0","0","0","0","0","0","","","","","","0.389","Mon, 22 Jun 2026 20:31:49 GMT","","","","","1.1","","","","","","https://preview.indianapolis.com.br/wp-content/themes/hello-elementor/assets/css/reset.css?ver=3.4.7","2026-06-22 21:10:33"
"https://preview.indianapolis.com.br/wp-content/uploads/elementor/css/post-31.css?ver=1782160591","text/css","200","OK","Indexable","","","0","0","","0","0","","0","0","","0","","0","","0","","0","","0","","","","","","","","","","1701","1701","1701","0.652","","0","","","","","0.000","1","4","","0","0","0","0.000","0","0","0","0","0","0","","","","","","0.371","Mon, 22 Jun 2026 20:36:31 GMT","","","","","1.1","","","","","","https://preview.indianapolis.com.br/wp-content/uploads/elementor/css/post-31.css?ver=1782160591","2026-06-22 21:10:33"
"https://preview.indianapolis.com.br/wp-content/themes/hello-elementor/assets/css/header-footer.css?ver=3.4.7","text/css","200","OK","Indexable","","","0","0","","0","0","","0","0","","0","","0","","0","","0","","0","","","","","","","","","","1409","1409","1409","0.540","","0","","","","","0.000","1","5","","0","0","0","0.000","0","0","0","0","0","0","","","","","","0.144","Mon, 22 Jun 2026 20:31:49 GMT","","","","","1.1","","","","","","https://preview.indianapolis.com.br/wp-content/themes/hello-elementor/assets/css/header-footer.css?ver=3.4.7","2026-06-22 21:10:33"
"https://preview.indianapolis.com.br/wp-content/plugins/royal-elementor-addons/assets/css/lib/animations/wpr-animations.min.css?ver=1.7.1061","text/css","200","OK","Indexable","","","0","0","","0","0","","0","0","","0","","0","","0","","0","","0","","","","","","","","","","3255","3255","3255","1.247","","0","","","","","0.000","1","7","","0","0","0","0.000","0","0","0","0","0","0","","","","","","0.118","Mon, 22 Jun 2026 20:32:05 GMT","","","","","1.1","","","","","","https://preview.indianapolis.com.br/wp-content/plugins/royal-elementor-addons/assets/css/lib/animations/wpr-animations.min.css?ver=1.7.1061","2026-06-22 21:10:34"
"https://preview.indianapolis.com.br/wp-content/plugins/elementor/assets/css/widget-nested-accordion.min.css?ver=4.1.1","text/css","200","OK","Indexable","","","0","0","","0","0","","0","0","","0","","0","","0","","0","","0","","","","","","","","","","793","793","793","0.304","","0","","","","","0.000","1","5","","0","0","0","0.000","0","0","0","0","0","0","","","","","","0.144","Mon, 22 Jun 2026 20:32:06 GMT","","","","","1.1","","","","","","https://preview.indianapolis.com.br/wp-content/plugins/elementor/assets/css/widget-nested-accordion.min.css?ver=4.1.1","2026-06-22 21:10:34"
"https://preview.indianapolis.com.br/wp-content/plugins/royal-elementor-addons/assets/js/lib/slick/slick.min.js?ver=1.8.1","application/x-javascript","200","OK","Indexable","","","0","0","","0","0","","0","0","","0","","0","","0","","0","","0","","","","","","","","","","10299","10299","10299","3.945","","0","","","","","0.000","1","7","","0","0","0","0.000","0","0","0","0","0","0","","","","","","0.143","Mon, 22 Jun 2026 20:32:05 GMT","","","","","1.1","","","","","","https://preview.indianapolis.com.br/wp-content/plugins/royal-elementor-addons/assets/js/lib/slick/slick.min.js?ver=1.8.1","2026-06-22 21:10:34"
"https://preview.indianapolis.com.br/author/perettov4company-com/","","0","Blocked by robots.txt","Non-Indexable","Blocked by robots.txt","","0","0","","0","0","","0","0","","0","","0","","0","","0","","0","","","","","","","","","","0","0","0","0.000","","0","","","","","0.000","1","2","","313","14","0","33.330","0","0","0","0","0","0","","","","","","","","","","","","None","","","","","","https://preview.indianapolis.com.br/author/perettov4company-com/","2026-06-22 21:10:34"
"https://preview.indianapolis.com.br/wp-includes/js/imagesloaded.min.js?ver=5.0.0","application/x-javascript","200","OK","Indexable","","","0","0","","0","0","","0","0","","0","","0","","0","","0","","0","","","","","","","","","","1800","1800","1800","0.690","","0","","","","","0.000","1","2","","0","0","0","0.000","0","0","0","0","0","0","","","","","","0.171","Fri, 17 Apr 2026 13:40:22 GMT","","","","","1.1","","","","","","https://preview.indianapolis.com.br/wp-includes/js/imagesloaded.min.js?ver=5.0.0","2026-06-22 21:10:34"
"https://preview.indianapolis.com.br/wp-content/plugins/elementor/assets/lib/jquery-numerator/jquery-numerator.min.js?ver=0.2.1","application/x-javascript","200","OK","Indexable","","","0","0","","0","0","","0","0","","0","","0","","0","","0","","0","","","","","","","","","","734","734","734","0.281","","0","","","","","0.000","1","6","","0","0","0","0.000","0","0","0","0","0","0","","","","","","0.250","Mon, 22 Jun 2026 20:32:06 GMT","","","","","1.1","","","","","","https://preview.indianapolis.com.br/wp-content/plugins/elementor/assets/lib/jquery-numerator/jquery-numerator.min.js?ver=0.2.1","2026-06-22 21:10:34"
"https://preview.indianapolis.com.br/wp-content/plugins/woocommerce/assets/js/sourcebuster/sourcebuster.min.js?ver=10.7.0","application/x-javascript","200","OK","Indexable","","","0","0","","0","0","","0","0","","0","","0","","0","","0","","0","","","","","","","","","","4809","4809","4809","1.842","","0","","","","","0.000","1","6","","0","0","0","0.000","0","0","0","0","0","0","","","","","","0.219","Mon, 22 Jun 2026 20:31:59 GMT","","","","","1.1","","","","","","https://preview.indianapolis.com.br/wp-content/plugins/woocommerce/assets/js/sourcebuster/sourcebuster.min.js?ver=10.7.0","2026-06-22 21:10:34"
"https://preview.indianapolis.com.br/wp-content/plugins/elementor/assets/js/frontend.min.js?ver=4.1.1","application/x-javascript","200","OK","Indexable","","","0","0","","0","0","","0","0","","0","","0","","0","","0","","0","","","","","","","","","","10420","10420","10420","3.992","","0","","","","","0.000","1","5","","0","0","0","0.000","0","0","0","0","0","0","","","","","","0.174","Mon, 22 Jun 2026 20:32:07 GMT","","","","","1.1","","","","","","https://preview.indianapolis.com.br/wp-content/plugins/elementor/assets/js/frontend.min.js?ver=4.1.1","2026-06-22 21:10:34"
"https://preview.indianapolis.com.br/wp-content/plugins/woocommerce/assets/js/frontend/order-attribution.min.js?ver=10.7.0","application/x-javascript","200","OK","Indexable","","","0","0","","0","0","","0","0","","0","","0","","0","","0","","0","","","","","","","","","","1142","1142","1142","0.437","","0","","","","","0.000","1","6","","0","0","0","0.000","0","0","0","0","0","0","","","","","","0.165","Mon, 22 Jun 2026 20:31:59 GMT","","","","","1.1","","","","","","https://preview.indianapolis.com.br/wp-content/plugins/woocommerce/assets/js/frontend/order-attribution.min.js?ver=10.7.0","2026-06-22 21:10:34"
"https://preview.indianapolis.com.br/wp-content/themes/hello-elementor/assets/js/hello-frontend.js?ver=3.4.7","application/x-javascript","200","OK","Indexable","","","0","0","","0","0","","0","0","","0","","0","","0","","0","","0","","","","","","","","","","545","545","545","0.209","","0","","","","","0.000","1","5","","0","0","0","0.000","0","0","0","0","0","0","","","","","","0.136","Mon, 22 Jun 2026 20:31:49 GMT","","","","","1.1","","","","","","https://preview.indianapolis.com.br/wp-content/themes/hello-elementor/assets/js/hello-frontend.js?ver=3.4.7","2026-06-22 21:10:34"
"https://preview.indianapolis.com.br/produtos/","text/html; charset=UTF-8","200","OK","Indexable","","Peças Industriais de Ferro Fundido | Metal Indianópolis","55","486","Conheça nossa linha de peças industriais de ferro fundido. Fabricamos anéis de segmento, abraçadeiras e componentes sob desenho técnico com ISO 9001. Veja!","155","1001","","0","0","","0","","0","","0","(11) 4649-7722","14","vendas@indianapolis.com.br","26","index, follow, max-image-preview:large, max-snippet:-1, max-video-preview:-1","","","https://preview.indianapolis.com.br/produtos/","","","","","","139071","26028","26028","9.971","","558","125","4.464","0.000","Very Hard","3.303","1","1","","94","42","0","100.000","73","19","0","3","3","0","","","","","69415f4f3b35b7de9d2cf328c13b6216","0.924","","","","","pt-BR","1.1","","","","","","https://preview.indianapolis.com.br/produtos/","2026-06-22 21:10:34"
"https://preview.indianapolis.com.br/wp-content/plugins/header-footer-elementor/inc/js/frontend.js?ver=2.8.7","application/x-javascript","200","OK","Indexable","","","0","0","","0","0","","0","0","","0","","0","","0","","0","","0","","","","","","","","","","4876","4876","4876","1.868","","0","","","","","0.000","1","5","","0","0","0","0.000","0","0","0","0","0","0","","","","","","0.032","Mon, 22 Jun 2026 20:31:53 GMT","","","","","1.1","","","","","","https://preview.indianapolis.com.br/wp-content/plugins/header-footer-elementor/inc/js/frontend.js?ver=2.8.7","2026-06-22 21:10:35"
"https://preview.indianapolis.com.br/wp-content/plugins/elementor/assets/lib/eicons/css/elementor-icons.min.css?ver=5.34.0","text/css","200","OK","Indexable","","","0","0","","0","0","","0","0","","0","","0","","0","","0","","0","","","","","","","","","","4407","4407","4407","1.688","","0","","","","","0.000","1","7","","0","0","0","0.000","0","0","0","0","0","0","","","","","","0.120","Mon, 22 Jun 2026 20:32:06 GMT","","","","","1.1","","","","","","https://preview.indianapolis.com.br/wp-content/plugins/elementor/assets/lib/eicons/css/elementor-icons.min.css?ver=5.34.0","2026-06-22 21:10:35"
"https://preview.indianapolis.com.br/wp-content/plugins/elementor/assets/css/widget-video.min.css?ver=4.1.1","text/css","200","OK","Indexable","","","0","0","","0","0","","0","0","","0","","0","","0","","0","","0","","","","","","","","","","399","399","399","0.153","","0","","","","","0.000","1","5","","0","0","0","0.000","0","0","0","0","0","0","","","","","","0.033","Mon, 22 Jun 2026 20:32:06 GMT","","","","","1.1","","","","","","https://preview.indianapolis.com.br/wp-content/plugins/elementor/assets/css/widget-video.min.css?ver=4.1.1","2026-06-22 21:10:35"
"https://preview.indianapolis.com.br/wp-content/uploads/2026/05/Background.webp","image/webp","200","OK","Indexable","","","0","0","","0","0","","0","0","","0","","0","","0","","0","","0","","","","","","","","","","115524","115524","115524","44.255","","0","","","","","0.000","1","4","","0","0","0","0.000","0","0","0","0","0","0","","","","","","0.107","Mon, 04 May 2026 19:17:44 GMT","","","","","1.1","","","","","","https://preview.indianapolis.com.br/wp-content/uploads/2026/05/Background.webp","2026-06-22 21:10:35"
"https://preview.indianapolis.com.br/preco-do-ferro-fundido-kg/","text/html; charset=UTF-8","200","OK","Indexable","","Preço do Ferro Fundido KG: Como Avaliar | Metal Indianápolis","60","547","Como é definido o preço do ferro fundido kg? Descubra os fatores que influenciam o valor de mercado e o custo-benefício da Metal Indianápolis. Acesse!","150","937","O artigo analisa as principais variáveis que definem o preço do ferro fundido por quilo (como tipo de liga, logística e custos operacionais) e apresenta as vantagens comerciais da Metal Indianápolis.","199","1212","","0","Qualidade e custo: Encontre melhor preço do ferro fundido KG","60","Qualidade e custo: Encontre melhor preço do ferro fundido KG","60","(11) 4649-7722","14","vendas@indianapolis.com.br","26","index, follow, max-image-preview:large, max-snippet:-1, max-video-preview:-1","","","https://preview.indianapolis.com.br/preco-do-ferro-fundido-kg/","","","","","","312357","44764","44764","17.148","","2719","450","6.042","22.790","Very Hard","5.795","1","1","","62","14","0","33.330","96","20","0","2","2","0","","","","","27da42d7afc4366724f6bb6e34a1f550","1.129","","","","","pt-BR","1.1","","","","","","https://preview.indianapolis.com.br/preco-do-ferro-fundido-kg/","2026-06-22 21:10:34"
"https://preview.indianapolis.com.br/wp-content/plugins/header-footer-elementor/inc/widgets-css/woo-products.css?ver=2.8.7","text/css","200","OK","Indexable","","","0","0","","0","0","","0","0","","0","","0","","0","","0","","0","","","","","","","","","","1120","1120","1120","0.429","","0","","","","","0.000","1","5","","0","0","0","0.000","0","0","0","0","0","0","","","","","","0.112","Mon, 22 Jun 2026 20:31:53 GMT","","","","","1.1","","","","","","https://preview.indianapolis.com.br/wp-content/plugins/header-footer-elementor/inc/widgets-css/woo-products.css?ver=2.8.7","2026-06-22 21:10:35"
"https://preview.indianapolis.com.br/wp-content/plugins/elementor/assets/css/widget-heading.min.css?ver=4.1.1","text/css","200","OK","Indexable","","","0","0","","0","0","","0","0","","0","","0","","0","","0","","0","","","","","","","","","","160","160","160","0.061","","0","","","","","0.000","1","5","","0","0","0","0.000","0","0","0","0","0","0","","","","","","0.034","Mon, 22 Jun 2026 20:32:06 GMT","","","","","1.1","","","","","","https://preview.indianapolis.com.br/wp-content/plugins/elementor/assets/css/widget-heading.min.css?ver=4.1.1","2026-06-22 21:10:35"
"https://preview.indianapolis.com.br/wp-content/plugins/royal-elementor-addons/assets/js/lib/isotope/isotope.min.js?ver=3.0.8","application/x-javascript","200","OK","Indexable","","","0","0","","0","0","","0","0","","0","","0","","0","","0","","0","","","","","","","","","","16066","16066","16066","6.155","","0","","","","","0.000","1","7","","0","0","0","0.000","0","0","0","0","0","0","","","","","","0.045","Mon, 22 Jun 2026 20:32:05 GMT","","","","","1.1","","","","","","https://preview.indianapolis.com.br/wp-content/plugins/royal-elementor-addons/assets/js/lib/isotope/isotope.min.js?ver=3.0.8","2026-06-22 21:10:35"
"https://preview.indianapolis.com.br/blog/","text/html; charset=UTF-8","200","OK","Indexable","","Blog | Metal Indianópolis","25","217","Acompanhe o blog da Metal Indianópolis e acesse conteúdos técnicos sobre fundição, usinagem de precisão, ferro nodular, cinzento e processos. Confira!","150","949","","0","0","","0","","0","","0","(11) 4649-7722","14","vendas@indianapolis.com.br","26","index, follow, max-image-preview:large, max-snippet:-1, max-video-preview:-1","","","https://preview.indianapolis.com.br/blog/","https://preview.indianapolis.com.br/blog/page/2/","","","","","280047","38098","38098","14.595","","1135","255","4.451","15.005","Very Hard","2.880","1","1","","94","42","0","100.000","87","20","0","2","2","0","","","","","f9e156a93c7f46f3d418bea310065af","1.177","","","","","pt-BR","1.1","","","","","","https://preview.indianapolis.com.br/blog/","2026-06-22 21:10:34"
"https://preview.indianapolis.com.br/fabrica-de-roldanas/","text/html; charset=UTF-8","200","OK","Indexable","","Fábrica de Roldanas: Como Escolher | Metal Indianápolis","55","502","Procurando por uma fábrica de roldanas confiável? Saiba o que avaliar para garantir peças duráveis em sistemas de movimentação com a Metal Indianápolis. Acesse!","160","1027","O artigo aborda a importância de selecionar uma fábrica de roldanas qualificada para assegurar a eficiência de sistemas de movimentação de carga, destacando o rigor técnico da Metal Indianápolis.","195","1226","","0","Garanta a qualidade de suas peças com fábrica de roldanas","57","Garanta a qualidade de suas peças com fábrica de roldanas","57","(11) 4649-7722","14","vendas@indianapolis.com.br","26","index, follow, max-image-preview:large, max-snippet:-1, max-video-preview:-1","","","https://preview.indianapolis.com.br/fabrica-de-roldanas/","","","","","","315801","45798","45798","17.544","","3091","512","6.037","20.231","Very Hard","6.742","1","1","","62","14","0","33.330","96","20","0","2","2","0","","","","","a4d820230fc389353d1f5f852af4a903","0.971","","","","","pt-BR","1.1","","","","","","https://preview.indianapolis.com.br/fabrica-de-roldanas/","2026-06-22 21:10:34"
"https://preview.indianapolis.com.br/wp-content/uploads/2026/05/blog-ferro-fundido-cinzento-7211ea24c1-convertido-de-jpg.webp","image/webp","200","OK","Indexable","","","0","0","","0","0","","0","0","","0","","0","","0","","0","","0","","","","","","","","","","54234","54234","54234","20.776","","0","","","","","0.000","1","4","","0","0","0","0.000","0","0","0","0","0","0","","","","","","0.115","Fri, 22 May 2026 13:26:38 GMT","","","","","1.1","","","","","","https://preview.indianapolis.com.br/wp-content/uploads/2026/05/blog-ferro-fundido-cinzento-7211ea24c1-convertido-de-jpg.webp","2026-06-22 21:10:36"
"https://preview.indianapolis.com.br/wp-content/plugins/contact-form-7/includes/css/styles.css?ver=6.1.6","text/css","200","OK","Indexable","","","0","0","","0","0","","0","0","","0","","0","","0","","0","","0","","","","","","","","","","1032","1032","1032","0.395","","0","","","","","0.000","1","5","","0","0","0","0.000","0","0","0","0","0","0","","","","","","0.101","Mon, 22 Jun 2026 20:31:56 GMT","","","","","1.1","","","","","","https://preview.indianapolis.com.br/wp-content/plugins/contact-form-7/includes/css/styles.css?ver=6.1.6","2026-06-22 21:10:36"
"https://preview.indianapolis.com.br/wp-includes/js/dist/i18n.min.js?ver=c26c3dc7bed366793375","application/x-javascript","200","OK","Indexable","","","0","0","","0","0","","0","0","","0","","0","","0","","0","","0","","","","","","","","","","2228","2228","2228","0.854","","0","","","","","0.000","1","3","","0","0","0","0.000","0","0","0","0","0","0","","","","","","0.130","Fri, 17 Apr 2026 13:40:22 GMT","","","","","1.1","","","","","","https://preview.indianapolis.com.br/wp-includes/js/dist/i18n.min.js?ver=c26c3dc7bed366793375","2026-06-22 21:10:36"
"https://preview.indianapolis.com.br/wp-content/uploads/2026/05/blog-preco-do-ferro-fundido-kg-95baf166c3-convertido-de-jpg.webp","image/webp","200","OK","Indexable","","","0","0","","0","0","","0","0","","0","","0","","0","","0","","0","","","","","","","","","","24012","24012","24012","9.199","","0","","","","","0.000","1","4","","0","0","0","0.000","0","0","0","0","0","0","","","","","","0.114","Fri, 22 May 2026 13:23:02 GMT","","","","","1.1","","","","","","https://preview.indianapolis.com.br/wp-content/uploads/2026/05/blog-preco-do-ferro-fundido-kg-95baf166c3-convertido-de-jpg.webp","2026-06-22 21:10:36"
"https://preview.indianapolis.com.br/wp-content/plugins/contact-form-7/includes/js/index.js?ver=6.1.6","application/x-javascript","200","OK","Indexable","","","0","0","","0","0","","0","0","","0","","0","","0","","0","","0","","","","","","","","","","4228","4228","4228","1.620","","0","","","","","0.000","1","5","","0","0","0","0.000","0","0","0","0","0","0","","","","","","0.115","Mon, 22 Jun 2026 20:31:56 GMT","","","","","1.1","","","","","","https://preview.indianapolis.com.br/wp-content/plugins/contact-form-7/includes/js/index.js?ver=6.1.6","2026-06-22 21:10:36"
"https://preview.indianapolis.com.br/wp-content/plugins/elementor/assets/css/widget-social-icons.min.css?ver=3.24.0","text/css","200","OK","Indexable","","","0","0","","0","0","","0","0","","0","","0","","0","","0","","0","","","","","","","","","","1115","1115","1115","0.427","","0","","","","","0.000","1","5","","0","0","0","0.000","0","0","0","0","0","0","","","","","","0.086","Mon, 22 Jun 2026 20:32:06 GMT","","","","","1.1","","","","","","https://preview.indianapolis.com.br/wp-content/plugins/elementor/assets/css/widget-social-icons.min.css?ver=3.24.0","2026-06-22 21:10:36"
"https://preview.indianapolis.com.br/wp-content/plugins/elementor/assets/lib/font-awesome/css/brands.css?ver=5.15.3","text/css","200","OK","Indexable","","","0","0","","0","0","","0","0","","0","","0","","0","","0","","0","","","","","","","","","","325","325","325","0.125","","0","","","","","0.000","1","7","","0","0","0","0.000","0","0","0","0","0","0","","","","","","0.118","Mon, 22 Jun 2026 20:32:06 GMT","","","","","1.1","","","","","","https://preview.indianapolis.com.br/wp-content/plugins/elementor/assets/lib/font-awesome/css/brands.css?ver=5.15.3","2026-06-22 21:10:36"
"https://preview.indianapolis.com.br/wp-content/plugins/royal-elementor-addons/assets/js/lib/lightgallery/lightgallery.min.js?ver=1.6.12","application/x-javascript","200","OK","Indexable","","","0","0","","0","0","","0","0","","0","","0","","0","","0","","0","","","","","","","","","","10692","10692","10692","4.096","","0","","","","","0.000","1","7","","0","0","0","0.000","0","0","0","0","0","0","","","","","","0.111","Mon, 22 Jun 2026 20:32:05 GMT","","","","","1.1","","","","","","https://preview.indianapolis.com.br/wp-content/plugins/royal-elementor-addons/assets/js/lib/lightgallery/lightgallery.min.js?ver=1.6.12","2026-06-22 21:10:36"
"https://preview.indianapolis.com.br/wp-content/plugins/elementor/assets/css/widget-icon-box.min.css?ver=4.1.1","text/css","200","OK","Indexable","","","0","0","","0","0","","0","0","","0","","0","","0","","0","","0","","","","","","","","","","434","434","434","0.166","","0","","","","","0.000","1","5","","0","0","0","0.000","0","0","0","0","0","0","","","","","","0.093","Mon, 22 Jun 2026 20:32:06 GMT","","","","","1.1","","","","","","https://preview.indianapolis.com.br/wp-content/plugins/elementor/assets/css/widget-icon-box.min.css?ver=4.1.1","2026-06-22 21:10:36"
"https://preview.indianapolis.com.br/wp-content/plugins/elementor/assets/lib/font-awesome/css/solid.css?ver=5.15.3","text/css","200","OK","Indexable","","","0","0","","0","0","","0","0","","0","","0","","0","","0","","0","","","","","","","","","","327","327","327","0.125","","0","","","","","0.000","1","7","","0","0","0","0.000","0","0","0","0","0","0","","","","","","0.086","Mon, 22 Jun 2026 20:32:06 GMT","","","","","1.1","","","","","","https://preview.indianapolis.com.br/wp-content/plugins/elementor/assets/lib/font-awesome/css/solid.css?ver=5.15.3","2026-06-22 21:10:36"
"https://preview.indianapolis.com.br/wp-content/uploads/elementor/css/post-7.css?ver=1782160591","text/css","200","OK","Indexable","","","0","0","","0","0","","0","0","","0","","0","","0","","0","","0","","","","","","","","","","438","438","438","0.168","","0","","","","","0.000","1","4","","0","0","0","0.000","0","0","0","0","0","0","","","","","","0.106","Mon, 22 Jun 2026 20:36:31 GMT","","","","","1.1","","","","","","https://preview.indianapolis.com.br/wp-content/uploads/elementor/css/post-7.css?ver=1782160591","2026-06-22 21:10:36"
"https://preview.indianapolis.com.br/wp-content/plugins/royal-elementor-addons/assets/js/lib/particles/particles.js?ver=3.0.6","application/x-javascript","200","OK","Indexable","","","0","0","","0","0","","0","0","","0","","0","","0","","0","","0","","","","","","","","","","8995","8995","8995","3.446","","0","","","","","0.000","1","7","","0","0","0","0.000","0","0","0","0","0","0","","","","","","0.087","Mon, 22 Jun 2026 20:32:05 GMT","","","","","1.1","","","","","","https://preview.indianapolis.com.br/wp-content/plugins/royal-elementor-addons/assets/js/lib/particles/particles.js?ver=3.0.6","2026-06-22 21:10:36"
"https://preview.indianapolis.com.br/wp-content/plugins/woocommerce/assets/css/woocommerce.css?ver=10.7.0","text/css","200","OK","Indexable","","","0","0","","0","0","","0","0","","0","","0","","0","","0","","0","","","","","","","","","","11072","11072","11072","4.241","","0","","","","","0.000","1","5","","0","0","0","0.000","0","0","0","0","0","0","","","","","","0.090","Mon, 22 Jun 2026 20:31:56 GMT","","","","","1.1","","","","","","https://preview.indianapolis.com.br/wp-content/plugins/woocommerce/assets/css/woocommerce.css?ver=10.7.0","2026-06-22 21:10:36"
"https://preview.indianapolis.com.br/wp-content/plugins/woocommerce/assets/css/woocommerce-layout.css?ver=10.7.0","text/css","200","OK","Indexable","","","0","0","","0","0","","0","0","","0","","0","","0","","0","","0","","","","","","","","","","3424","3424","3424","1.312","","0","","","","","0.000","1","5","","0","0","0","0.000","0","0","0","0","0","0","","","","","","0.129","Mon, 22 Jun 2026 20:31:56 GMT","","","","","1.1","","","","","","https://preview.indianapolis.com.br/wp-content/plugins/woocommerce/assets/css/woocommerce-layout.css?ver=10.7.0","2026-06-22 21:10:36"
"https://preview.indianapolis.com.br/wp-content/plugins/elementor/assets/lib/font-awesome/css/all.min.css?ver=1.7.1061","text/css","200","OK","Indexable","","","0","0","","0","0","","0","0","","0","","0","","0","","0","","0","","","","","","","","","","12680","12680","12680","4.857","","0","","","","","0.000","1","7","","0","0","0","0.000","0","0","0","0","0","0","","","","","","0.098","Mon, 22 Jun 2026 20:32:06 GMT","","","","","1.1","","","","","","https://preview.indianapolis.com.br/wp-content/plugins/elementor/assets/lib/font-awesome/css/all.min.css?ver=1.7.1061","2026-06-22 21:10:36"
"https://preview.indianapolis.com.br/wp-includes/js/jquery/jquery-migrate.min.js?ver=3.4.1","application/x-javascript","200","OK","Indexable","","","0","0","","0","0","","0","0","","0","","0","","0","","0","","0","","","","","","","","","","4865","4865","4865","1.864","","0","","","","","0.000","1","3","","0","0","0","0.000","0","0","0","0","0","0","","","","","","0.123","Fri, 17 Apr 2026 13:40:22 GMT","","","","","1.1","","","","","","https://preview.indianapolis.com.br/wp-includes/js/jquery/jquery-migrate.min.js?ver=3.4.1","2026-06-22 21:10:36"
"https://preview.indianapolis.com.br/wp-includes/js/jquery/jquery.min.js?ver=3.7.1","application/x-javascript","200","OK","Indexable","","","0","0","","0","0","","0","0","","0","","0","","0","","0","","0","","","","","","","","","","30364","30364","30364","11.632","","0","","","","","0.000","1","3","","0","0","0","0.000","0","0","0","0","0","0","","","","","","0.101","Fri, 17 Apr 2026 13:40:22 GMT","","","","","1.1","","","","","","https://preview.indianapolis.com.br/wp-includes/js/jquery/jquery.min.js?ver=3.7.1","2026-06-22 21:10:37"
"https://preview.indianapolis.com.br/wp-content/plugins/elementor/assets/css/widget-counter.min.css?ver=4.1.1","text/css","200","OK","Indexable","","","0","0","","0","0","","0","0","","0","","0","","0","","0","","0","","","","","","","","","","273","273","273","0.105","","0","","","","","0.000","1","5","","0","0","0","0.000","0","0","0","0","0","0","","","","","","0.102","Mon, 22 Jun 2026 20:32:06 GMT","","","","","1.1","","","","","","https://preview.indianapolis.com.br/wp-content/plugins/elementor/assets/css/widget-counter.min.css?ver=4.1.1","2026-06-22 21:10:37"
"https://preview.indianapolis.com.br/wp-content/uploads/elementor/css/post-549.css?ver=1782173435","text/css","200","OK","Indexable","","","0","0","","0","0","","0","0","","0","","0","","0","","0","","0","","","","","","","","","","7713","7713","7713","2.955","","0","","","","","0.000","2","4","","0","0","0","0.000","0","0","0","0","0","0","","","","","","0.115","Tue, 23 Jun 2026 00:10:35 GMT","","","","","1.1","","","","","","https://preview.indianapolis.com.br/wp-content/uploads/elementor/css/post-549.css?ver=1782173435","2026-06-22 21:10:37"
"https://preview.indianapolis.com.br/wp-content/uploads/2026/05/Design-sem-nome-3-convertido-de-png-300x300.webp","image/webp","200","OK","Indexable","","","0","0","","0","0","","0","0","","0","","0","","0","","0","","0","","","","","","","","","","2906","2906","2906","1.113","","0","","","","","0.000","2","4","","0","0","0","0.000","0","0","0","0","0","0","","","","","","0.095","Fri, 22 May 2026 17:10:29 GMT","","","","","1.1","","","","","","https://preview.indianapolis.com.br/wp-content/uploads/2026/05/Design-sem-nome-3-convertido-de-png-300x300.webp","2026-06-22 21:10:37"
"https://preview.indianapolis.com.br/wp-content/plugins/header-footer-elementor/inc/js/woo-products.js?ver=2.8.7","application/x-javascript","200","OK","Indexable","","","0","0","","0","0","","0","0","","0","","0","","0","","0","","0","","","","","","","","","","482","482","482","0.185","","0","","","","","0.000","2","5","","0","0","0","0.000","0","0","0","0","0","0","","","","","","0.082","Mon, 22 Jun 2026 20:31:53 GMT","","","","","1.1","","","","","","https://preview.indianapolis.com.br/wp-content/plugins/header-footer-elementor/inc/js/woo-products.js?ver=2.8.7","2026-06-22 21:10:37"
"https://preview.indianapolis.com.br/wp-content/uploads/2026/05/Design-sem-nome-7-convertido-de-png-300x300.webp","image/webp","200","OK","Indexable","","","0","0","","0","0","","0","0","","0","","0","","0","","0","","0","","","","","","","","","","7302","7302","7302","2.797","","0","","","","","0.000","2","4","","0","0","0","0.000","0","0","0","0","0","0","","","","","","0.093","Fri, 22 May 2026 17:27:24 GMT","","","","","1.1","","","","","","https://preview.indianapolis.com.br/wp-content/uploads/2026/05/Design-sem-nome-7-convertido-de-png-300x300.webp","2026-06-22 21:10:37"
"https://preview.indianapolis.com.br/categoria-produto/automotivo/","text/html; charset=UTF-8","200","OK","Indexable","","Peças Automotivas em Ferro Fundido | Metal Indianópolis","55","514","Fornecedor de peças automotivas em ferro fundido para veículos pesados. Componentes usinados de alta ductilidade e resistência mecânica. Peça um orçamento!","155","1007","","0","0","","0","Automotivo","10","","0","(11) 4649-7722","14","vendas@indianapolis.com.br","26","index, follow, max-image-preview:large, max-snippet:-1, max-video-preview:-1","","","https://preview.indianapolis.com.br/categoria-produto/automotivo/","","","","","","102293","23717","23717","9.086","","355","67","5.299","10.333","Very Hard","3.095","2","2","","22","7","0","16.670","34","13","0","3","3","0","","","","","e2c7055b2ba7dfd7e3ccd9b4bc55cf64","0.935","","","","","pt-BR","1.1","","","","","","https://preview.indianapolis.com.br/categoria-produto/automotivo/","2026-06-22 21:10:37"
"https://preview.indianapolis.com.br/wp-content/uploads/2026/05/images-1-convertido-de-jpg.webp","image/webp","200","OK","Indexable","","","0","0","","0","0","","0","0","","0","","0","","0","","0","","0","","","","","","","","","","12790","12790","12790","4.900","","0","","","","","0.000","2","4","","0","0","0","0.000","0","0","0","0","0","0","","","","","","0.037","Wed, 20 May 2026 12:30:22 GMT","","","","","1.1","","","","","","https://preview.indianapolis.com.br/wp-content/uploads/2026/05/images-1-convertido-de-jpg.webp","2026-06-22 21:10:38"
"https://preview.indianapolis.com.br/produto/camisa-compressor-ar/","text/html; charset=UTF-8","200","OK","Indexable","","Camisa para Compressor de Ar | Metal Indianápolis","49","457","Procurando camisa para compressor de ar de alta performance? Conheça as opções usinadas em CNC e brunidas da Metal Indianápolis. Solicite um orçamento!","151","990","A camisa para compressor de ar da Metal Indianápolis é fabricada em ferro fundido de liga especialmente desenvolvida, garantindo alta dissipação de calor, excelente resistência e maior vida útil ao sistema. Projetada para compressores a pistão de alta e baixa pressão, a peça é usinada em tornos CNC para assegurar um rigoroso controle dimensional e circularidade perfeita. O componente oferece a flexibilidade de ser fornecido semi-acabado ou totalmente acabado (brunido com rugosidade controlada para perfeita uniformidade da camada de óleo). Ideal para sistemas de freio a ar, locomotivas e refrigeração industrial, conta com a confiabilidade e padrão de qualidade da certificação ISO 9001:2015.","698","4353","","0","Camisa para Compressor de Ar","28","","0","(11) 4649-7722","14","vendas@indianapolis.com.br","26","index, follow, max-image-preview:large, max-snippet:-1, max-video-preview:-1","","","https://preview.indianapolis.com.br/produto/camisa-compressor-ar/","","","","","","121799","28130","28130","10.776","","822","130","6.323","12.589","Very Hard","5.147","2","2","","31","10","0","23.810","42","18","0","3","3","0","","","","","a778263c37d8dcff8d3ca085ee5724d1","1.050","","","","","pt-BR","1.1","","","","","","https://preview.indianapolis.com.br/produto/camisa-compressor-ar/","2026-06-22 21:10:37"
"https://preview.indianapolis.com.br/produto/anel-bipartido/","text/html; charset=UTF-8","200","OK","Indexable","","Anel Bipartido de Regulagem | Metal Indianápolis","48","436","Procurando anel bipartido para regulagem de pinhão? Conheça os modelos em ferro fundido de alta precisão da Metal Indianápolis. Solicite um orçamento!","150","958","O anel bipartido da Metal Indianápolis é uma peça de alta precisão essencial para a regulagem do pinhão do diferencial Mercedes, desempenhando um papel crucial no perfeito funcionamento do sistema de transmissão automotiva. Fabricado em ferro fundido de excelente resistência e durabilidade, o componente passa por rigorosos processos de usinagem e retificação para assegurar um controle dimensional impecável. Disponível em diversas espessuras e diâmetros padronizados, também pode ser confeccionado sob medida de acordo com o desenho ou amostra do cliente. Com fabricação ágil e estoque estratégico para pronta entrega, oferece o melhor custo-benefício do mercado de reposição com garantia ISO 9001:2015.","706","4520","","0","Anel Bipartido","14","","0","(11) 4649-7722","14","vendas@indianapolis.com.br","26","index, follow, max-image-preview:large, max-snippet:-1, max-video-preview:-1","","","https://preview.indianapolis.com.br/produto/anel-bipartido/","","","","","","119410","27494","27494","10.532","","826","131","6.305","12.082","Very Hard","5.182","2","2","","21","5","0","11.900","40","16","0","3","3","0","","","","","f951ce4ba343a7cbd8944ec51550401c","1.065","","","","","pt-BR","1.1","","","","","","https://preview.indianapolis.com.br/produto/anel-bipartido/","2026-06-22 21:10:37"
"https://preview.indianapolis.com.br/empresa/","text/html; charset=UTF-8","200","OK","Indexable","","Fundição de Ferro Fundido | Metal Indianópolis","46","414","Conheça a Metal Indianópolis, fundição de ferro fundido com mais de 60 anos de tradição. Estrutura completa com usinagem CNC de precisão e ISO 9001!","148","953","","0","0","","0","","0","","0","(11) 4649-7722","14","vendas@indianapolis.com.br","26","index, follow, max-image-preview:large, max-snippet:-1, max-video-preview:-1","","","https://preview.indianapolis.com.br/empresa/","","","","","","199632","34330","34330","13.151","","838","192","4.365","7.966","Very Hard","3.234","1","1","","92","42","0","100.000","37","11","0","3","3","0","","","","","cb1e7eba10259dc4c225a2e4ff014acc","1.931","","","","","pt-BR","1.1","","","","","","https://preview.indianapolis.com.br/empresa/","2026-06-22 21:10:36"
"https://preview.indianapolis.com.br/wp-content/plugins/elementor/assets/lib/swiper/v8/css/swiper.min.css?ver=8.4.5","text/css","200","OK","Indexable","","","0","0","","0","0","","0","0","","0","","0","","0","","0","","0","","","","","","","","","","4574","4574","4574","1.752","","0","","","","","0.000","2","8","","0","0","0","0.000","0","0","0","0","0","0","","","","","","0.190","Mon, 22 Jun 2026 20:32:06 GMT","","","","","1.1","","","","","","https://preview.indianapolis.com.br/wp-content/plugins/elementor/assets/lib/swiper/v8/css/swiper.min.css?ver=8.4.5","2026-06-22 21:10:39"
"https://preview.indianapolis.com.br/wp-content/plugins/elementor/assets/images/placeholder.png","image/png","200","OK","Indexable","","","0","0","","0","0","","0","0","","0","","0","","0","","0","","0","","","","","","","","","","6146","6146","6146","2.354","","0","","","","","0.000","2","5","","0","0","0","0.000","0","0","0","0","0","0","","","","","","0.036","Mon, 22 Jun 2026 20:32:06 GMT","","","","","1.1","","","","","","https://preview.indianapolis.com.br/wp-content/plugins/elementor/assets/images/placeholder.png","2026-06-22 21:10:39"
"https://preview.indianapolis.com.br/produto/fundicao-pecas-agricolas/","text/html; charset=UTF-8","200","OK","Indexable","","Fundição de Peças Agrícolas | Metal Indianápolis","48","434","Procurando fundição de peças agrícolas de alta resistência? Conheça as soluções em ferro fundido e aço da Metal Indianápolis. Solicite seu orçamento!","149","935","A fundição de peças agrícolas da Metal Indianápolis entrega componentes de alta resistência mecânica e ao desgaste, projetados para suportar o trabalho pesado de máquinas, tratores e implementos no campo. Atendendo sob rigorosos padrões metalúrgicos, a empresa produz carcaças, engrenagens, mancais, suportes, cubos de roda e acoplamentos em ferro fundido cinzento, nodular ou aço fundido. Com suporte completo que vai desde o desenvolvimento do projeto e lote piloto até a usinagem final em estrutura própria, a Metal Indianápolis assegura total rastreabilidade por lote e a garantia de qualidade da certificação ISO 9001:2015.","628","3972","","0","Fundição de Peças Agrícolas","27","","0","(11) 4649-7722","14","vendas@indianapolis.com.br","26","index, follow, max-image-preview:large, max-snippet:-1, max-video-preview:-1","","","https://preview.indianapolis.com.br/produto/fundicao-pecas-agricolas/","","","","","","119702","27536","27536","10.549","","805","131","6.145","17.946","Very Hard","5.075","2","2","","31","10","0","23.810","41","17","0","3","3","0","","","","","3ece205c056aef82f764243d7fb4377c","0.729","","","","","pt-BR","1.1","","","","","","https://preview.indianapolis.com.br/produto/fundicao-pecas-agricolas/","2026-06-22 21:10:38"
"https://preview.indianapolis.com.br/wp-content/uploads/2026/05/Rectangle-5-1-convertido-de-png.webp","image/webp","200","OK","Indexable","","","0","0","","0","0","","0","0","","0","","0","","0","","0","","0","","","","","","","","","","18750","18750","18750","7.183","","0","","","","","0.000","2","4","","0","0","0","0.000","0","0","0","0","0","0","","","","","","0.039","Mon, 18 May 2026 19:29:44 GMT","","","","","1.1","","","","","","https://preview.indianapolis.com.br/wp-content/uploads/2026/05/Rectangle-5-1-convertido-de-png.webp","2026-06-22 21:10:39"
"https://preview.indianapolis.com.br/produto/moldes-industria-vidreira/","text/html; charset=UTF-8","200","OK","Indexable","","Moldes Indústria Vidreira | Metal Indianápolis","46","401","Procurando moldes indústria vidreira com longa vida útil? Conheça os modelos em ferro fundido de alta qualidade da Metal Indianápolis. Faça sua cotação!","152","960","Os moldes indústria vidreira da Metal Indianápolis são fabricados em ligas especiais de ferro fundido de alta qualidade, sendo ideais para a produção de frascos, recipientes, utilidades domésticas e telhas de vidro, tanto pelo processo de sopro quanto de prensagem. Desenvolvidos sob medida a partir de desenhos ou amostras fornecidos pelo cliente, esses moldes oferecem excelente acabamento superficial e maior vida útil quando comparados aos produzidos por fundição contínua. Com um custo-benefício altamente superior em relação aos moldes de aço, garantem máxima eficiência para a linha de produção de vidros sob o rigor técnico da certificação ISO 9001:2015.","662","4157","","0","Moldes de Indústria Vidreira","28","","0","(11) 4649-7722","14","vendas@indianapolis.com.br","26","index, follow, max-image-preview:large, max-snippet:-1, max-video-preview:-1","","","https://preview.indianapolis.com.br/produto/moldes-industria-vidreira/","","","","","","121658","28091","28091","10.761","","837","130","6.438","15.433","Very Hard","5.216","2","2","","25","7","0","16.670","42","18","0","3","3","0","","","","","521b971ed56ea034a6e927eb0b76f092","0.599","","","","","pt-BR","1.1","","","","","","https://preview.indianapolis.com.br/produto/moldes-industria-vidreira/","2026-06-22 21:10:38"
"https://preview.indianapolis.com.br/solucoes/","text/html; charset=UTF-8","200","OK","Indexable","","Serviços de Fundição e Usinagem | Metal Indianópolis","52","478","Conheça nossas soluções em ferro fundido. Oferecemos serviços de fundição e usinagem CNC integrados para peças técnicas sob especificação. Solicite cotação!","156","1004","","0","0","","0","","0","","0","(11) 4649-7722","14","vendas@indianapolis.com.br","26","index, follow, max-image-preview:large, max-snippet:-1, max-video-preview:-1","","","https://preview.indianapolis.com.br/solucoes/","","","","","","228382","40350","40350","15.457","","965","231","4.177","3.851","Very Hard","3.300","1","1","","98","42","0","100.000","29","7","0","3","3","0","","","","","cff2afd3e8cce888beda15a8deab9ed5","2.258","","","","","pt-BR","1.1","","","","","","https://preview.indianapolis.com.br/solucoes/","2026-06-22 21:10:36"
"https://preview.indianapolis.com.br/wp-content/uploads/2026/05/image-11-1-convertido-de-png-1.webp","image/webp","200","OK","Indexable","","","0","0","","0","0","","0","0","","0","","0","","0","","0","","0","","","","","","","","","","4996","4996","4996","1.914","","0","","","","","0.000","2","4","","2","1","0","2.380","0","0","0","0","0","0","","","","","","0.181","Tue, 19 May 2026 11:56:04 GMT","","","","","1.1","","","","","","https://preview.indianapolis.com.br/wp-content/uploads/2026/05/image-11-1-convertido-de-png-1.webp","2026-06-22 21:10:39"
"https://preview.indianapolis.com.br/produto/cabecote-de-compressor-de-ar/","text/html; charset=UTF-8","200","OK","Indexable","","Cabeçote de Compressor de Ar | Metal Indianápolis","49","456","Buscando cabeçote de compressor de ar de alta estanqueidade? Conheça os modelos em liga especial desenvolvida pela Metal Indianápolis. Faça uma cotação!","152","988","O cabeçote de compressor de ar da Metal Indianápolis é um componente-chave projetado para compressores a pistão de baixa e alta pressão, atuando diretamente no alojamento das válvulas de admissão e descarga de ar. Fabricado em ferro fundido com uma liga metálica especial desenvolvida em laboratório próprio, a peça passa por processos rigorosos em centros de usinagem avançados para assegurar um funcionamento impecável e total estanqueidade do sistema. Amplamente utilizado em locomotivas, refrigeração industrial, injetoras e sistemas de freio a ar, oferece máxima confiabilidade com a chancela da certificação ISO 9001:2015.","628","4006","","0","Cabeçote de Compressor de Ar","28","","0","(11) 4649-7722","14","vendas@indianapolis.com.br","26","index, follow, max-image-preview:large, max-snippet:-1, max-video-preview:-1","","","https://preview.indianapolis.com.br/produto/cabecote-de-compressor-de-ar/","","","","","","121710","28119","28119","10.772","","831","130","6.392","20.966","Very Hard","5.097","2","2","","31","10","0","23.810","42","18","0","3","3","0","","","","","a326d0259609509ef121a2fbff9e1be7","0.745","","","","","pt-BR","1.1","","","","","","https://preview.indianapolis.com.br/produto/cabecote-de-compressor-de-ar/","2026-06-22 21:10:38"
"https://preview.indianapolis.com.br/wp-content/uploads/2026/05/Rectangle-2-2-convertido-de-png.webp","image/webp","200","OK","Indexable","","","0","0","","0","0","","0","0","","0","","0","","0","","0","","0","","","","","","","","","","22948","22948","22948","8.791","","0","","","","","0.000","2","4","","0","0","0","0.000","0","0","0","0","0","0","","","","","","0.405","Mon, 18 May 2026 19:27:28 GMT","","","","","1.1","","","","","","https://preview.indianapolis.com.br/wp-content/uploads/2026/05/Rectangle-2-2-convertido-de-png.webp","2026-06-22 21:10:39"
"https://preview.indianapolis.com.br/wp-content/plugins/elementor/assets/css/widget-image-carousel.min.css?ver=4.1.1","text/css","200","OK","Indexable","","","0","0","","0","0","","0","0","","0","","0","","0","","0","","0","","","","","","","","","","184","184","184","0.070","","0","","","","","0.000","2","5","","0","0","0","0.000","0","0","0","0","0","0","","","","","","0.498","Mon, 22 Jun 2026 20:32:06 GMT","","","","","1.1","","","","","","https://preview.indianapolis.com.br/wp-content/plugins/elementor/assets/css/widget-image-carousel.min.css?ver=4.1.1","2026-06-22 21:10:39"
"https://preview.indianapolis.com.br/wp-content/uploads/2026/05/Rectangle-1-convertido-de-png.webp","image/webp","200","OK","Indexable","","","0","0","","0","0","","0","0","","0","","0","","0","","0","","0","","","","","","","","","","5542","5542","5542","2.123","","0","","","","","0.000","2","4","","0","0","0","0.000","0","0","0","0","0","0","","","","","","0.029","Tue, 19 May 2026 12:22:45 GMT","","","","","1.1","","","","","","https://preview.indianapolis.com.br/wp-content/uploads/2026/05/Rectangle-1-convertido-de-png.webp","2026-06-22 21:10:39"
"https://preview.indianapolis.com.br/wp-content/uploads/2026/05/Image-4-convertido-de-png.webp","image/webp","200","OK","Indexable","","","0","0","","0","0","","0","0","","0","","0","","0","","0","","0","","","","","","","","","","5950","5950","5950","2.279","","0","","","","","0.000","2","4","","0","0","0","0.000","0","0","0","0","0","0","","","","","","0.329","Tue, 19 May 2026 12:39:27 GMT","","","","","1.1","","","","","","https://preview.indianapolis.com.br/wp-content/uploads/2026/05/Image-4-convertido-de-png.webp","2026-06-22 21:10:39"
"https://preview.indianapolis.com.br/wp-content/uploads/2026/05/Image-3-convertido-de-png.webp","image/webp","200","OK","Indexable","","","0","0","","0","0","","0","0","","0","","0","","0","","0","","0","","","","","","","","","","4146","4146","4146","1.588","","0","","","","","0.000","2","4","","0","0","0","0.000","0","0","0","0","0","0","","","","","","0.319","Tue, 19 May 2026 12:27:28 GMT","","","","","1.1","","","","","","https://preview.indianapolis.com.br/wp-content/uploads/2026/05/Image-3-convertido-de-png.webp","2026-06-22 21:10:39"
"https://preview.indianapolis.com.br/wp-content/uploads/2026/05/Image-1-convertido-de-png-1.webp","image/webp","200","OK","Indexable","","","0","0","","0","0","","0","0","","0","","0","","0","","0","","0","","","","","","","","","","3534","3534","3534","1.354","","0","","","","","0.000","2","4","","0","0","0","0.000","0","0","0","0","0","0","","","","","","0.120","Tue, 19 May 2026 12:26:24 GMT","","","","","1.1","","","","","","https://preview.indianapolis.com.br/wp-content/uploads/2026/05/Image-1-convertido-de-png-1.webp","2026-06-22 21:10:39"
"https://preview.indianapolis.com.br/wp-content/uploads/2026/05/Image-3-convertido-de-png-2.webp","image/webp","200","OK","Indexable","","","0","0","","0","0","","0","0","","0","","0","","0","","0","","0","","","","","","","","","","3860","3860","3860","1.479","","0","","","","","0.000","2","4","","0","0","0","0.000","0","0","0","0","0","0","","","","","","0.104","Tue, 19 May 2026 12:37:41 GMT","","","","","1.1","","","","","","https://preview.indianapolis.com.br/wp-content/uploads/2026/05/Image-3-convertido-de-png-2.webp","2026-06-22 21:10:39"
"https://preview.indianapolis.com.br/wp-content/uploads/2026/05/Image-2-convertido-de-png-1.webp","image/webp","200","OK","Indexable","","","0","0","","0","0","","0","0","","0","","0","","0","","0","","0","","","","","","","","","","8604","8604","8604","3.296","","0","","","","","0.000","2","4","","0","0","0","0.000","0","0","0","0","0","0","","","","","","0.095","Tue, 19 May 2026 12:26:56 GMT","","","","","1.1","","","","","","https://preview.indianapolis.com.br/wp-content/uploads/2026/05/Image-2-convertido-de-png-1.webp","2026-06-22 21:10:39"
"https://preview.indianapolis.com.br/wp-content/uploads/elementor/css/post-16.css?ver=1782173438","text/css","200","OK","Indexable","","","0","0","","0","0","","0","0","","0","","0","","0","","0","","0","","","","","","","","","","8009","8009","8009","3.068","","0","","","","","0.000","2","4","","0","0","0","0.000","0","0","0","0","0","0","","","","","","0.133","Tue, 23 Jun 2026 00:10:38 GMT","","","","","1.1","","","","","","https://preview.indianapolis.com.br/wp-content/uploads/elementor/css/post-16.css?ver=1782173438","2026-06-22 21:10:39"
"https://preview.indianapolis.com.br/wp-content/uploads/2026/05/Image-1-convertido-de-png-2.webp","image/webp","200","OK","Indexable","","","0","0","","0","0","","0","0","","0","","0","","0","","0","","0","","","","","","","","","","6018","6018","6018","2.305","","0","","","","","0.000","2","4","","0","0","0","0.000","0","0","0","0","0","0","","","","","","0.158","Tue, 19 May 2026 12:36:27 GMT","","","","","1.1","","","","","","https://preview.indianapolis.com.br/wp-content/uploads/2026/05/Image-1-convertido-de-png-2.webp","2026-06-22 21:10:39"
"https://preview.indianapolis.com.br/wp-content/plugins/elementor/assets/lib/swiper/v8/swiper.min.js?ver=8.4.5","application/x-javascript","200","OK","Indexable","","","0","0","","0","0","","0","0","","0","","0","","0","","0","","0","","","","","","","","","","39695","39695","39695","15.206","","0","","","","","0.000","2","7","","0","0","0","0.000","0","0","0","0","0","0","","","","","","0.225","Mon, 22 Jun 2026 20:32:06 GMT","","","","","1.1","","","","","","https://preview.indianapolis.com.br/wp-content/plugins/elementor/assets/lib/swiper/v8/swiper.min.js?ver=8.4.5","2026-06-22 21:10:40"
"https://preview.indianapolis.com.br/wp-content/uploads/2026/05/Image-2-convertido-de-png-2.webp","image/webp","200","OK","Indexable","","","0","0","","0","0","","0","0","","0","","0","","0","","0","","0","","","","","","","","","","10578","10578","10578","4.052","","0","","","","","0.000","2","4","","0","0","0","0.000","0","0","0","0","0","0","","","","","","0.310","Tue, 19 May 2026 12:37:03 GMT","","","","","1.1","","","","","","https://preview.indianapolis.com.br/wp-content/uploads/2026/05/Image-2-convertido-de-png-2.webp","2026-06-22 21:10:40"
"https://preview.indianapolis.com.br/wp-content/uploads/2026/05/Rectangle-7-1-convertido-de-png.webp","image/webp","200","OK","Indexable","","","0","0","","0","0","","0","0","","0","","0","","0","","0","","0","","","","","","","","","","26922","26922","26922","10.313","","0","","","","","0.000","2","4","","0","0","0","0.000","0","0","0","0","0","0","","","","","","0.303","Mon, 18 May 2026 19:31:04 GMT","","","","","1.1","","","","","","https://preview.indianapolis.com.br/wp-content/uploads/2026/05/Rectangle-7-1-convertido-de-png.webp","2026-06-22 21:10:40"
"https://preview.indianapolis.com.br/wp-content/uploads/2026/05/Rectangle-2-1-convertido-de-png.webp","image/webp","200","OK","Indexable","","","0","0","","0","0","","0","0","","0","","0","","0","","0","","0","","","","","","","","","","32136","32136","32136","12.311","","0","","","","","0.000","2","4","","0","0","0","0.000","0","0","0","0","0","0","","","","","","0.192","Mon, 18 May 2026 19:02:54 GMT","","","","","1.1","","","","","","https://preview.indianapolis.com.br/wp-content/uploads/2026/05/Rectangle-2-1-convertido-de-png.webp","2026-06-22 21:10:40"
"https://preview.indianapolis.com.br/wp-content/uploads/2026/05/Rectangle-3-1-convertido-de-png.webp","image/webp","200","OK","Indexable","","","0","0","","0","0","","0","0","","0","","0","","0","","0","","0","","","","","","","","","","13478","13478","13478","5.163","","0","","","","","0.000","2","4","","0","0","0","0.000","0","0","0","0","0","0","","","","","","0.202","Mon, 18 May 2026 19:28:36 GMT","","","","","1.1","","","","","","https://preview.indianapolis.com.br/wp-content/uploads/2026/05/Rectangle-3-1-convertido-de-png.webp","2026-06-22 21:10:40"
"https://preview.indianapolis.com.br/wp-content/uploads/elementor/css/post-14.css?ver=1782173438","text/css","200","OK","Indexable","","","0","0","","0","0","","0","0","","0","","0","","0","","0","","0","","","","","","","","","","5974","5974","5974","2.289","","0","","","","","0.000","2","4","","0","0","0","0.000","0","0","0","0","0","0","","","","","","0.161","Tue, 23 Jun 2026 00:10:38 GMT","","","","","1.1","","","","","","https://preview.indianapolis.com.br/wp-content/uploads/elementor/css/post-14.css?ver=1782173438","2026-06-22 21:10:40"
"https://preview.indianapolis.com.br/wp-content/plugins/elementor/assets/css/conditionals/e-swiper.min.css?ver=4.1.1","text/css","200","OK","Indexable","","","0","0","","0","0","","0","0","","0","","0","","0","","0","","0","","","","","","","","","","788","788","788","0.302","","0","","","","","0.000","2","6","","0","0","0","0.000","0","0","0","0","0","0","","","","","","0.104","Mon, 22 Jun 2026 20:32:06 GMT","","","","","1.1","","","","","","https://preview.indianapolis.com.br/wp-content/plugins/elementor/assets/css/conditionals/e-swiper.min.css?ver=4.1.1","2026-06-22 21:10:40"
"https://preview.indianapolis.com.br/wp-content/uploads/2026/05/image-10-1-convertido-de-png.webp","image/webp","200","OK","Indexable","","","0","0","","0","0","","0","0","","0","","0","","0","","0","","0","","","","","","","","","","6996","6996","6996","2.680","","0","","","","","0.000","2","4","","2","1","0","2.380","0","0","0","0","0","0","","","","","","0.123","Tue, 19 May 2026 11:55:30 GMT","","","","","1.1","","","","","","https://preview.indianapolis.com.br/wp-content/uploads/2026/05/image-10-1-convertido-de-png.webp","2026-06-22 21:10:40"
"https://preview.indianapolis.com.br/wp-content/uploads/2026/05/Rectangle-6-1-convertido-de-png-1.webp","image/webp","200","OK","Indexable","","","0","0","","0","0","","0","0","","0","","0","","0","","0","","0","","","","","","","","","","31714","31714","31714","12.149","","0","","","","","0.000","2","4","","0","0","0","0.000","0","0","0","0","0","0","","","","","","0.160","Mon, 18 May 2026 19:30:24 GMT","","","","","1.1","","","","","","https://preview.indianapolis.com.br/wp-content/uploads/2026/05/Rectangle-6-1-convertido-de-png-1.webp","2026-06-22 21:10:40"
"https://preview.indianapolis.com.br/wp-content/uploads/2026/05/image-8-1-convertido-de-png.webp","image/webp","200","OK","Indexable","","","0","0","","0","0","","0","0","","0","","0","","0","","0","","0","","","","","","","","","","10270","10270","10270","3.934","","0","","","","","0.000","2","4","","2","1","0","2.380","0","0","0","0","0","0","","","","","","0.124","Tue, 19 May 2026 11:53:41 GMT","","","","","1.1","","","","","","https://preview.indianapolis.com.br/wp-content/uploads/2026/05/image-8-1-convertido-de-png.webp","2026-06-22 21:10:40"
"https://preview.indianapolis.com.br/wp-content/uploads/2026/05/image-9-1-convertido-de-png.webp","image/webp","200","OK","Indexable","","","0","0","","0","0","","0","0","","0","","0","","0","","0","","0","","","","","","","","","","10270","10270","10270","3.934","","0","","","","","0.000","2","4","","2","1","0","2.380","0","0","0","0","0","0","","","","","","0.109","Tue, 19 May 2026 11:54:16 GMT","","","","","1.1","","","","","","https://preview.indianapolis.com.br/wp-content/uploads/2026/05/image-9-1-convertido-de-png.webp","2026-06-22 21:10:40"
"https://preview.indianapolis.com.br/wp-content/uploads/2026/05/moldes-industria-vidreira-01-convertido-de-jpg-300x300.webp","image/webp","200","OK","Indexable","","","0","0","","0","0","","0","0","","0","","0","","0","","0","","0","","","","","","","","","","21098","21098","21098","8.082","","0","","","","","0.000","2","4","","0","0","0","0.000","0","0","0","0","0","0","","","","","","0.097","Fri, 22 May 2026 18:12:23 GMT","","","","","1.1","","","","","","https://preview.indianapolis.com.br/wp-content/uploads/2026/05/moldes-industria-vidreira-01-convertido-de-jpg-300x300.webp","2026-06-22 21:10:40"
"https://preview.indianapolis.com.br/wp-content/uploads/2026/05/Design-sem-nome-9-convertido-de-png-300x300.webp","image/webp","200","OK","Indexable","","","0","0","","0","0","","0","0","","0","","0","","0","","0","","0","","","","","","","","","","9436","9436","9436","3.615","","0","","","","","0.000","2","4","","0","0","0","0.000","0","0","0","0","0","0","","","","","","0.105","Fri, 22 May 2026 17:37:17 GMT","","","","","1.1","","","","","","https://preview.indianapolis.com.br/wp-content/uploads/2026/05/Design-sem-nome-9-convertido-de-png-300x300.webp","2026-06-22 21:10:40"
"https://preview.indianapolis.com.br/wp-content/uploads/2026/05/fundicao-ferro-fundido-07-convertido-de-jpg-300x300.webp","image/webp","200","OK","Indexable","","","0","0","","0","0","","0","0","","0","","0","","0","","0","","0","","","","","","","","","","15288","15288","15288","5.857","","0","","","","","0.000","2","4","","0","0","0","0.000","0","0","0","0","0","0","","","","","","0.123","Fri, 22 May 2026 17:56:35 GMT","","","","","1.1","","","","","","https://preview.indianapolis.com.br/wp-content/uploads/2026/05/fundicao-ferro-fundido-07-convertido-de-jpg-300x300.webp","2026-06-22 21:10:40"
"https://preview.indianapolis.com.br/wp-content/uploads/2026/05/close-up-em-pulseiras-metalicas_23-2151113181-740x600-convertido-de-jpeg.webp","image/webp","200","OK","Indexable","","","0","0","","0","0","","0","0","","0","","0","","0","","0","","0","","","","","","","","","","52334","52334","52334","20.048","","0","","","","","0.000","2","4","","0","0","0","0.000","0","0","0","0","0","0","","","","","","0.094","Wed, 20 May 2026 12:35:54 GMT","","","","","1.1","","","","","","https://preview.indianapolis.com.br/wp-content/uploads/2026/05/close-up-em-pulseiras-metalicas_23-2151113181-740x600-convertido-de-jpeg.webp","2026-06-22 21:10:40"
"https://preview.indianapolis.com.br/wp-content/uploads/2026/05/fundicao-pecas-agricolas-04-convertido-de-jpg-300x300.webp","image/webp","200","OK","Indexable","","","0","0","","0","0","","0","0","","0","","0","","0","","0","","0","","","","","","","","","","8416","8416","8416","3.224","","0","","","","","0.000","2","4","","0","0","0","0.000","0","0","0","0","0","0","","","","","","0.109","Fri, 22 May 2026 17:56:56 GMT","","","","","1.1","","","","","","https://preview.indianapolis.com.br/wp-content/uploads/2026/05/fundicao-pecas-agricolas-04-convertido-de-jpg-300x300.webp","2026-06-22 21:10:40"
"https://preview.indianapolis.com.br/wp-content/uploads/2026/05/Design-sem-nome-4-convertido-de-png-300x300.webp","image/webp","200","OK","Indexable","","","0","0","","0","0","","0","0","","0","","0","","0","","0","","0","","","","","","","","","","4666","4666","4666","1.787","","0","","","","","0.000","2","4","","0","0","0","0.000","0","0","0","0","0","0","","","","","","0.096","Fri, 22 May 2026 17:19:11 GMT","","","","","1.1","","","","","","https://preview.indianapolis.com.br/wp-content/uploads/2026/05/Design-sem-nome-4-convertido-de-png-300x300.webp","2026-06-22 21:10:40"
"https://preview.indianapolis.com.br/wp-content/uploads/2026/05/download-1-convertido-de-jpg.webp","image/webp","200","OK","Indexable","","","0","0","","0","0","","0","0","","0","","0","","0","","0","","0","","","","","","","","","","9142","9142","9142","3.502","","0","","","","","0.000","2","4","","0","0","0","0.000","0","0","0","0","0","0","","","","","","0.128","Wed, 20 May 2026 12:36:33 GMT","","","","","1.1","","","","","","https://preview.indianapolis.com.br/wp-content/uploads/2026/05/download-1-convertido-de-jpg.webp","2026-06-22 21:10:40"
"https://preview.indianapolis.com.br/produto/porca-do-cardan/","text/html; charset=UTF-8","200","OK","Indexable","","Porca Cardan para Veículos Pesados | Metal Indianápolis","55","507","Procurando porca cardan para veículos pesados? Conheça os modelos em ferro fundido nodular com usinagem CNC da Metal Indianápolis. Solicite um orçamento!","153","1007","A porca cardan da Metal Indianápolis é uma peça essencial para o conjunto do eixo Cardan de veículos pesados, responsável por garantir a segurança e suportar os altos esforços na transmissão de energia do motor para o diferencial. Fabricada em ferro fundido nodular de excelente padrão, ela oferece altíssima resistência mecânica, ductilidade e alongamento, destacando-se como uma alternativa de superior custo-benefício em relação às peças de aço. Usinada em torno CNC de alta precisão dimensional e submetida a um rigoroso controle de qualidade com rastreabilidade, atende perfeitamente aos exigentes requisitos do segmento de autopeças de linha pesada com a garantia da certificação ISO 9001:2015.","700","4419","","0","Porca do Cardan","15","","0","(11) 4649-7722","14","vendas@indianapolis.com.br","26","index, follow, max-image-preview:large, max-snippet:-1, max-video-preview:-1","","","https://preview.indianapolis.com.br/produto/porca-do-cardan/","","","","","","115793","27329","27329","10.469","","814","126","6.460","14.968","Very Hard","5.241","2","2","","23","6","0","14.290","38","14","0","3","3","0","","","","","2034856f32dc7da4e98302eabac2046c","0.597","","","","","pt-BR","1.1","","","","","","https://preview.indianapolis.com.br/produto/porca-do-cardan/","2026-06-22 21:10:40"
"https://preview.indianapolis.com.br/produto/fundicao-ferro-fundido/","text/html; charset=UTF-8","200","OK","Indexable","","Fundição de Ferro Fundido | Metal Indianápolis","46","414","Precisa de serviços de fundição de ferro fundido? Conheça a infraestrutura com usinagem própria e rigor metalúrgico da Metal Indianápolis. Peça um orçamento!","157","995","O serviço de fundição de ferro fundido da Metal Indianápolis é a solução ideal para a fabricação de peças técnicas de geometria complexa que exigem alta resistência mecânica e rigoroso controle dimensional. Especializada em ligas de ferro fundido nodular, cinzento e ligado, a empresa gerencia com excelência todas as etapas do processo, desde a análise do projeto inicial e confecção do modelo até o vazamento em moldes de areia aglomerada com correção química controlada em forno de fusão. Contando com estrutura de usinagem própria e certificação ISO 9001:2015, a Metal Indianápolis atende de forma personalizada a setores exigentes como o automobilístico, agrícola, ferroviário e de construção civil.","704","4405","","0","Fundição de Ferro Fundido","25","","0","(11) 4649-7722","14","vendas@indianapolis.com.br","26","index, follow, max-image-preview:large, max-snippet:-1, max-video-preview:-1","","","https://preview.indianapolis.com.br/produto/fundicao-ferro-fundido/","","","","","","124156","28369","28369","10.868","","861","131","6.573","13.572","Very Hard","5.197","2","2","","21","5","0","11.900","42","18","0","3","3","0","","","","","6c2eb00e726d8a8ae1f0bcddd169541b","0.629","","","","","pt-BR","1.1","","","","","","https://preview.indianapolis.com.br/produto/fundicao-ferro-fundido/","2026-06-22 21:10:40"
"https://preview.indianapolis.com.br/wp-content/uploads/elementor/css/post-18.css?ver=1782173434","text/css","200","OK","Indexable","","","0","0","","0","0","","0","0","","0","","0","","0","","0","","0","","","","","","","","","","3084","3084","3084","1.181","","0","","","","","0.000","2","4","","0","0","0","0.000","0","0","0","0","0","0","","","","","","0.032","Tue, 23 Jun 2026 00:10:34 GMT","","","","","1.1","","","","","","https://preview.indianapolis.com.br/wp-content/uploads/elementor/css/post-18.css?ver=1782173434","2026-06-22 21:10:41"
"https://preview.indianapolis.com.br/wp-content/uploads/2026/05/Design-sem-nome-10-convertido-de-png-300x300.webp","image/webp","200","OK","Indexable","","","0","0","","0","0","","0","0","","0","","0","","0","","0","","0","","","","","","","","","","6806","6806","6806","2.607","","0","","","","","0.000","2","4","","0","0","0","0.000","0","0","0","0","0","0","","","","","","0.033","Fri, 22 May 2026 17:41:11 GMT","","","","","1.1","","","","","","https://preview.indianapolis.com.br/wp-content/uploads/2026/05/Design-sem-nome-10-convertido-de-png-300x300.webp","2026-06-22 21:10:41"
"https://preview.indianapolis.com.br/categoria-produto/aneis-de-segmento/","text/html; charset=UTF-8","200","OK","Indexable","","Anéis de Segmento Industriais | Metal Indianópolis","50","450","Confira nossa linha de anéis de segmento industriais. Fabricação sob medida com precisão CNC para motores, compressores e sistemas hidráulicos. Faça uma cotação!","161","1042","","0","0","","0","Anéis de Segmento","17","","0","(11) 4649-7722","14","vendas@indianapolis.com.br","26","index, follow, max-image-preview:large, max-snippet:-1, max-video-preview:-1","","","https://preview.indianapolis.com.br/categoria-produto/aneis-de-segmento/","","","","","","96384","23201","23201","8.888","","324","59","5.492","0.728","Very Hard","3.139","2","2","","14","3","0","7.140","26","9","0","3","3","0","","","","","fadade5531685d60f3346536bf02b289","0.661","","","","","pt-BR","1.1","","","","","","https://preview.indianapolis.com.br/categoria-produto/aneis-de-segmento/","2026-06-22 21:10:40"
"https://preview.indianapolis.com.br/wp-content/plugins/elementor/assets/css/widget-image-box.min.css?ver=4.1.1","text/css","200","OK","Indexable","","","0","0","","0","0","","0","0","","0","","0","","0","","0","","0","","","","","","","","","","364","364","364","0.139","","0","","","","","0.000","2","5","","0","0","0","0.000","0","0","0","0","0","0","","","","","","0.126","Mon, 22 Jun 2026 20:32:06 GMT","","","","","1.1","","","","","","https://preview.indianapolis.com.br/wp-content/plugins/elementor/assets/css/widget-image-box.min.css?ver=4.1.1","2026-06-22 21:10:41"
"https://preview.indianapolis.com.br/wp-content/plugins/elementor/assets/css/widget-google_maps.min.css?ver=4.1.1","text/css","200","OK","Indexable","","","0","0","","0","0","","0","0","","0","","0","","0","","0","","0","","","","","","","","","","261","261","261","0.100","","0","","","","","0.000","2","5","","0","0","0","0.000","0","0","0","0","0","0","","","","","","0.115","Mon, 22 Jun 2026 20:32:06 GMT","","","","","1.1","","","","","","https://preview.indianapolis.com.br/wp-content/plugins/elementor/assets/css/widget-google_maps.min.css?ver=4.1.1","2026-06-22 21:10:41"
"https://preview.indianapolis.com.br/wp-content/uploads/2026/05/blog-fabricante-de-pecas-automotivas-f9f4bf65b5-convertido-de-jpg.webp","image/webp","200","OK","Indexable","","","0","0","","0","0","","0","0","","0","","0","","0","","0","","0","","","","","","","","","","25688","25688","25688","9.841","","0","","","","","0.000","2","4","","0","0","0","0.000","0","0","0","0","0","0","","","","","","0.026","Fri, 22 May 2026 12:51:14 GMT","","","","","1.1","","","","","","https://preview.indianapolis.com.br/wp-content/uploads/2026/05/blog-fabricante-de-pecas-automotivas-f9f4bf65b5-convertido-de-jpg.webp","2026-06-22 21:10:41"
"https://preview.indianapolis.com.br/wp-content/uploads/elementor/css/post-22.css?ver=1782173433","text/css","200","OK","Indexable","","","0","0","","0","0","","0","0","","0","","0","","0","","0","","0","","","","","","","","","","4613","4613","4613","1.767","","0","","","","","0.000","2","4","","0","0","0","0.000","0","0","0","0","0","0","","","","","","0.102","Tue, 23 Jun 2026 00:10:33 GMT","","","","","1.1","","","","","","https://preview.indianapolis.com.br/wp-content/uploads/elementor/css/post-22.css?ver=1782173433","2026-06-22 21:10:41"
"https://preview.indianapolis.com.br/produto/fundicao-de-pecas-em-ferro-fundido/","text/html; charset=UTF-8","200","OK","Indexable","","Fundição de Peças em Ferro Fundido | Metal Indianápolis","55","508","Precisa de fundição de peças em ferro fundido? Conte com o laboratório próprio e a usinagem especializada da Metal Indianápolis. Peça seu orçamento!","148","940","A fundição de peças em ferro fundido da Metal Indianápolis atende com alta precisão às demandas de geometrias complexas e excelente resistência mecânica para os setores automobilístico, agrícola, de construção civil e de máquinas industriais. Especializada em ligas cinzentas, nodulares e ligadas, a empresa executa desde a concepção do projeto e lote piloto até a produção seriada em larga escala. Utilizando modernos sistemas de moldagem em areia e resina (Cold Box e Cura a frio) e contando com laboratório próprio equipado com espectrômetro, a Metal Indianápolis oferece capacidade produtiva superior a 1.440 toneladas/ano com garantia de rastreabilidade e certificação ISO 9001:2015.","688","4324","","0","Fundição de Peças em Ferro Fundido","34","","0","(11) 4649-7722","14","vendas@indianapolis.com.br","26","index, follow, max-image-preview:large, max-snippet:-1, max-video-preview:-1","","","https://preview.indianapolis.com.br/produto/fundicao-de-pecas-em-ferro-fundido/","","","","","","109845","26442","26442","10.129","","794","120","6.617","15.363","Very Hard","5.448","2","2","","17","3","0","7.140","30","10","0","3","3","0","","","","","d511060c8272fa413158a348eb2434ed","0.667","","","","","pt-BR","1.1","","","","","","https://preview.indianapolis.com.br/produto/fundicao-de-pecas-em-ferro-fundido/","2026-06-22 21:10:40"
"https://preview.indianapolis.com.br/wp-content/uploads/elementor/thumbs/telephone-rmrn9222i1iuz1khvj18c9m5tg1uk13za1osd73djq.png","image/png","200","OK","Indexable","","","0","0","","0","0","","0","0","","0","","0","","0","","0","","0","","","","","","","","","","331","331","331","0.127","","0","","","","","0.000","2","4","","0","0","0","0.000","0","0","0","0","0","0","","","","","","0.034","Thu, 30 Apr 2026 12:03:55 GMT","","","","","1.1","","","","","","https://preview.indianapolis.com.br/wp-content/uploads/elementor/thumbs/telephone-rmrn9222i1iuz1khvj18c9m5tg1uk13za1osd73djq.png","2026-06-22 21:10:41"
"https://preview.indianapolis.com.br/categoria-produto/construcao-civil/","text/html; charset=UTF-8","200","OK","Indexable","","Peças de Ferro Fundido para Construção Civil | Metal Indianópolis","65","583","Encontre peças de ferro fundido para construção civil. Fabricamos abraçadeiras de concreto, rolos de apoio para betoneira e componentes sob projeto. Faça sua cotação!","166","1052","","0","0","","0","Construção Civil","16","","0","(11) 4649-7722","14","vendas@indianapolis.com.br","26","index, follow, max-image-preview:large, max-snippet:-1, max-video-preview:-1","","","https://preview.indianapolis.com.br/categoria-produto/construcao-civil/","","","","","","108738","24116","24116","9.238","","375","74","5.068","11.736","Very Hard","3.001","2","2","","30","11","0","26.190","42","17","0","3","3","0","","","","","c4bc3c736e88a211bcd3cd5603f23f30","0.591","","","","","pt-BR","1.1","","","","","","https://preview.indianapolis.com.br/categoria-produto/construcao-civil/","2026-06-22 21:10:41"
"https://preview.indianapolis.com.br/wp-content/uploads/2026/05/blog-fornecedor-aneis-de-segmento-7b9de1870c-convertido-de-jpg.webp","image/webp","200","OK","Indexable","","","0","0","","0","0","","0","0","","0","","0","","0","","0","","0","","","","","","","","","","13114","13114","13114","5.024","","0","","","","","0.000","2","4","","1","1","0","2.380","0","0","0","0","0","0","","","","","","0.102","Fri, 22 May 2026 12:37:39 GMT","","","","","1.1","","","","","","https://preview.indianapolis.com.br/wp-content/uploads/2026/05/blog-fornecedor-aneis-de-segmento-7b9de1870c-convertido-de-jpg.webp","2026-06-22 21:10:41"
"https://preview.indianapolis.com.br/categoria-produto/maquinas-e-equipamentos/","text/html; charset=UTF-8","200","OK","Indexable","","Peças de Ferro Fundido para Máquinas | Metal Indianópolis","57","525","Componentes e peças de ferro fundido para máquinas e equipamentos industriais. Produção sob projeto ou amostra com precisão de usinagem CNC. Peça um orçamento!","159","1057","","0","0","","0","Máquinas e Equipamentos","23","","0","(11) 4649-7722","14","vendas@indianapolis.com.br","26","index, follow, max-image-preview:large, max-snippet:-1, max-video-preview:-1","","","https://preview.indianapolis.com.br/categoria-produto/maquinas-e-equipamentos/","","","","","","102832","23769","23769","9.105","","356","67","5.313","5.864","Very Hard","3.134","2","2","","19","7","0","16.670","34","13","0","3","3","0","","","","","5660d4761c99b6999ace8513432dfae0","0.466","","","","","pt-BR","1.1","","","","","","https://preview.indianapolis.com.br/categoria-produto/maquinas-e-equipamentos/","2026-06-22 21:10:41"
"https://preview.indianapolis.com.br/wp-content/uploads/elementor/thumbs/LOGOTIPO-HORIZONTAL-1-1-scaled-rmro3g691byqej42gvw7f1gzulvbcjnrsrgzdy8la6.png","image/png","200","OK","Indexable","","","0","0","","0","0","","0","0","","0","","0","","0","","0","","0","","","","","","","","","","3126","3126","3126","1.198","","0","","","","","0.000","2","4","","0","0","0","0.000","0","0","0","0","0","0","","","","","","0.116","Thu, 30 Apr 2026 12:30:56 GMT","","","","","1.1","","","","","","https://preview.indianapolis.com.br/wp-content/uploads/elementor/thumbs/LOGOTIPO-HORIZONTAL-1-1-scaled-rmro3g691byqej42gvw7f1gzulvbcjnrsrgzdy8la6.png","2026-06-22 21:10:42"
"https://preview.indianapolis.com.br/wp-content/uploads/elementor/thumbs/mail-rmrnpfevj5xn6jsfa3sb9mw6a1czm93oj2q89otj6e.png","image/png","200","OK","Indexable","","","0","0","","0","0","","0","0","","0","","0","","0","","0","","0","","","","","","","","","","246","246","246","0.094","","0","","","","","0.000","2","4","","0","0","0","0.000","0","0","0","0","0","0","","","","","","0.087","Thu, 30 Apr 2026 12:04:05 GMT","","","","","1.1","","","","","","https://preview.indianapolis.com.br/wp-content/uploads/elementor/thumbs/mail-rmrnpfevj5xn6jsfa3sb9mw6a1czm93oj2q89otj6e.png","2026-06-22 21:10:42"
"https://preview.indianapolis.com.br/wp-content/uploads/2026/05/blog-fabricante-aneis-de-segmento-9c26fa552b-convertido-de-jpg.webp","image/webp","200","OK","Indexable","","","0","0","","0","0","","0","0","","0","","0","","0","","0","","0","","","","","","","","","","25408","25408","25408","9.733","","0","","","","","0.000","2","4","","1","1","0","2.380","0","0","0","0","0","0","","","","","","0.103","Wed, 20 May 2026 11:37:58 GMT","","","","","1.1","","","","","","https://preview.indianapolis.com.br/wp-content/uploads/2026/05/blog-fabricante-aneis-de-segmento-9c26fa552b-convertido-de-jpg.webp","2026-06-22 21:10:42"
"https://preview.indianapolis.com.br/wp-content/uploads/elementor/css/post-560.css?ver=1782173052","text/css","200","OK","Indexable","","","0","0","","0","0","","0","0","","0","","0","","0","","0","","0","","","","","","","","","","7925","7925","7925","3.036","","0","","","","","0.000","2","4","","0","0","0","0.000","0","0","0","0","0","0","","","","","","0.122","Tue, 23 Jun 2026 00:04:12 GMT","","","","","1.1","","","","","","https://preview.indianapolis.com.br/wp-content/uploads/elementor/css/post-560.css?ver=1782173052","2026-06-22 21:10:42"
"https://preview.indianapolis.com.br/wp-content/uploads/2026/05/blog-anel-de-segmento-para-compressor-2dd9f70420-convertido-de-jpg.webp","image/webp","200","OK","Indexable","","","0","0","","0","0","","0","0","","0","","0","","0","","0","","0","","","","","","","","","","34650","34650","34650","13.274","","0","","","","","0.000","2","4","","0","0","0","0.000","0","0","0","0","0","0","","","","","","0.101","Thu, 21 May 2026 13:10:32 GMT","","","","","1.1","","","","","","https://preview.indianapolis.com.br/wp-content/uploads/2026/05/blog-anel-de-segmento-para-compressor-2dd9f70420-convertido-de-jpg.webp","2026-06-22 21:10:42"
"https://preview.indianapolis.com.br/wp-includes/css/dist/block-library/style.min.css?ver=6.9.4","text/css","200","OK","Indexable","","","0","0","","0","0","","0","0","","0","","0","","0","","0","","0","","","","","","","","","","15730","15730","15730","6.026","","0","","","","","0.000","2","4","","0","0","0","0.000","0","0","0","0","0","0","","","","","","0.124","Fri, 17 Apr 2026 13:40:22 GMT","","","","","1.1","","","","","","https://preview.indianapolis.com.br/wp-includes/css/dist/block-library/style.min.css?ver=6.9.4","2026-06-22 21:10:42"
"https://preview.indianapolis.com.br/wp-content/uploads/2026/05/blog-pecas-para-tratores-agricolas-c9c680bdfb-convertido-de-png.webp","image/webp","200","OK","Indexable","","","0","0","","0","0","","0","0","","0","","0","","0","","0","","0","","","","","","","","","","10778","10778","10778","4.129","","0","","","","","0.000","2","4","","0","0","0","0.000","0","0","0","0","0","0","","","","","","0.127","Thu, 21 May 2026 20:54:06 GMT","","","","","1.1","","","","","","https://preview.indianapolis.com.br/wp-content/uploads/2026/05/blog-pecas-para-tratores-agricolas-c9c680bdfb-convertido-de-png.webp","2026-06-22 21:10:42"
"https://preview.indianapolis.com.br/anel-de-segmento-do-motor/","text/html; charset=UTF-8","200","OK","Indexable","","Anel de Segmento do Motor: Desempenho | Metal Indianápolis","58","555","Entenda a função do anel de segmento do motor na vedação e potência. Conheça os tipos, dicas de manutenção e as soluções da Metal Indianápolis. Acesse!","151","973","O artigo explora a importância do anel de segmento do motor na vedação, lubrificação e desempenho de sistemas de combustão interna, além de destacar a expertise e as peças de alta qualidade da Metal Indianápolis.","212","1341","","0","Maximize o desempenho com anel de segmento do motor","51","Maximize o desempenho com anel de segmento do motor","51","(11) 4649-7722","14","vendas@indianapolis.com.br","26","index, follow, max-image-preview:large, max-snippet:-1, max-video-preview:-1","","","https://preview.indianapolis.com.br/anel-de-segmento-do-motor/","","","","","","312240","44637","44637","17.100","","2717","454","5.985","27.326","Very Hard","5.721","2","1","","60","13","0","30.950","96","20","0","2","2","0","","","","","94554d05cfd2b04a8b54c5664ee1f38f","1.665","","","","","pt-BR","1.1","","","","","","https://preview.indianapolis.com.br/anel-de-segmento-do-motor/","2026-06-22 21:10:41"
"https://preview.indianapolis.com.br/cabecote-para-compressor/","text/html; charset=UTF-8","200","OK","Indexable","","Cabeçote para Compressor | Metal Indianápolis","45","422","Entenda a importância do cabeçote para compressor na confiabilidade industrial. Saiba como escolher o modelo ideal com a Metal Indianápolis. Acesse!","148","939","O artigo explica o papel crucial do cabeçote para compressor na geração de pressão e confiabilidade do sistema, detalhando os tipos existentes e a fabricação de alta precisão da Metal Indianápolis.","197","1218","","0","Importância do cabeçote para compressor na confiança de equipamentos","68","Importância do cabeçote para compressor na confiança de equipamentos","68","(11) 4649-7722","14","vendas@indianapolis.com.br","26","index, follow, max-image-preview:large, max-snippet:-1, max-video-preview:-1","","","https://preview.indianapolis.com.br/cabecote-para-compressor/","","","","","","312463","44696","44696","17.122","","2671","452","5.909","21.375","Very Hard","5.785","2","1","","60","13","0","30.950","96","20","0","2","2","0","","","","","5f0965e224f8329db1616f87f86594db","1.621","","","","","pt-BR","1.1","","","","","","https://preview.indianapolis.com.br/cabecote-para-compressor/","2026-06-22 21:10:41"
"https://preview.indianapolis.com.br/fundicao-de-ferros/","text/html; charset=UTF-8","200","OK","Indexable","","Fundição de Ferros: Como Escolher | Metal Indianápolis","54","492","Como escolher a melhor fundição de ferros para o seu projeto? Conheça os tipos de ligas, critérios de seleção e as soluções da Metal Indianápolis. Acesse!","154","948","O artigo orienta sobre como selecionar a melhor fundição de ferros para cada projeto, explicando as características das ligas (cinzenta, nodular, branca e maleável) e os diferenciais de qualidade da Metal Indianápolis.","218","1331","","0","Como escolher a melhor fundição de ferro para sua aplicação","59","Como escolher a melhor fundição de ferro para sua aplicação","59","(11) 4649-7722","14","vendas@indianapolis.com.br","26","index, follow, max-image-preview:large, max-snippet:-1, max-video-preview:-1","","","https://preview.indianapolis.com.br/fundicao-de-ferros/","","","","","","318032","46604","46604","17.853","","3499","552","6.339","29.412","Very Hard","7.212","2","1","","58","13","0","30.950","96","20","0","2","2","0","","","","","82686581b741eae80c6000d01342bb03","1.600","","","","","pt-BR","1.1","","","","","","https://preview.indianapolis.com.br/fundicao-de-ferros/","2026-06-22 21:10:41"
"https://preview.indianapolis.com.br/fabricante-de-pecas-automotivas/","text/html; charset=UTF-8","200","OK","Indexable","","Fabricante de Peças Automotivas | Metal Indianápolis","52","479","Como escolher o fabricante de peças automotivas ideal? Saiba quais critérios avaliar para garantir a segurança e conheça a Metal Indianápolis. Acesse!","150","936","O artigo apresenta um guia prático para escolher o fabricante de peças automotivas ideal, destacando critérios de qualidade, prazos e a infraestrutura certificada da Metal Indianápolis.","185","1137","","0","Como escolher o fabricante de peças automotivas ideal para sua necessidade","74","Como escolher o fabricante de peças automotivas ideal para sua necessidade","74","(11) 4649-7722","14","vendas@indianapolis.com.br","26","index, follow, max-image-preview:large, max-snippet:-1, max-video-preview:-1","","","https://preview.indianapolis.com.br/fabricante-de-pecas-automotivas/","","","","","","315482","45416","45416","17.398","","3043","484","6.287","21.412","Very Hard","6.564","2","1","","58","13","0","30.950","96","20","0","2","2","0","","","","","5d89ffc54b920dda37ae556914746d04","1.565","","","","","pt-BR","1.1","","","","","","https://preview.indianapolis.com.br/fabricante-de-pecas-automotivas/","2026-06-22 21:10:41"
"https://preview.indianapolis.com.br/camisa-compressor/","text/html; charset=UTF-8","200","OK","Indexable","","Camisa Compressor: O que é e Aplicações | Metal Indianápolis","60","556","O que é uma camisa compressor e qual a sua importância? Descubra os materiais utilizados e as soluções de alta qualidade da Metal Indianápolis. Acesse!","151","954","O artigo explica o que é a camisa compressor, sua função vital na vedação e resfriamento do cilindro, os materiais ideais para sua fabricação e as soluções de alta durabilidade da Metal Indianápolis.","199","1219","","0","Uso de camisa compressor para resultados excepcionais!","54","Uso de camisa compressor para resultados excepcionais!","54","(11) 4649-7722","14","vendas@indianapolis.com.br","26","index, follow, max-image-preview:large, max-snippet:-1, max-video-preview:-1","","","https://preview.indianapolis.com.br/camisa-compressor/","","","","","","312936","44894","44894","17.198","","2695","464","5.808","16.923","Very Hard","5.897","2","1","","60","13","0","30.950","96","20","0","2","2","0","","","","","a54d3eb6de7c003f86d6ee5e91f14451","1.001","","","","","pt-BR","1.1","","","","","","https://preview.indianapolis.com.br/camisa-compressor/","2026-06-22 21:10:42"
"https://preview.indianapolis.com.br/wp-content/uploads/2026/05/blog-cabecote-compressor-de-ar-75348e99ad-convertido-de-jpg.webp","image/webp","200","OK","Indexable","","","0","0","","0","0","","0","0","","0","","0","","0","","0","","0","","","","","","","","","","68746","68746","68746","26.335","","0","","","","","0.000","2","4","","0","0","0","0.000","0","0","0","0","0","0","","","","","","0.036","Thu, 21 May 2026 13:07:42 GMT","","","","","1.1","","","","","","https://preview.indianapolis.com.br/wp-content/uploads/2026/05/blog-cabecote-compressor-de-ar-75348e99ad-convertido-de-jpg.webp","2026-06-22 21:10:44"
"https://preview.indianapolis.com.br/wp-content/uploads/elementor/thumbs/LOGOTIPO-HORIZONTAL-2-_1_-scaled-rmrqnbwb4n3ufhx6mwprfd6powqo7isrky9mckurgy.webp","image/webp","200","OK","Indexable","","","0","0","","0","0","","0","0","","0","","0","","0","","0","","0","","","","","","","","","","1354","1354","1354","0.519","","0","","","","","0.000","2","4","","0","0","0","0.000","0","0","0","0","0","0","","","","","","0.178","Thu, 30 Apr 2026 13:12:57 GMT","","","","","1.1","","","","","","https://preview.indianapolis.com.br/wp-content/uploads/elementor/thumbs/LOGOTIPO-HORIZONTAL-2-_1_-scaled-rmrqnbwb4n3ufhx6mwprfd6powqo7isrky9mckurgy.webp","2026-06-22 21:10:44"
"https://preview.indianapolis.com.br/wp-content/uploads/2026/05/blog-fundicao-de-ferro-em-itaquaquecetuba-sp-b596c30d9a-convertido-de-jpg.webp","image/webp","200","OK","Indexable","","","0","0","","0","0","","0","0","","0","","0","","0","","0","","0","","","","","","","","","","51376","51376","51376","19.681","","0","","","","","0.000","2","4","","0","0","0","0.000","0","0","0","0","0","0","","","","","","0.099","Fri, 22 May 2026 12:20:22 GMT","","","","","1.1","","","","","","https://preview.indianapolis.com.br/wp-content/uploads/2026/05/blog-fundicao-de-ferro-em-itaquaquecetuba-sp-b596c30d9a-convertido-de-jpg.webp","2026-06-22 21:10:44"
"https://preview.indianapolis.com.br/wp-content/uploads/2026/05/Design-sem-nome-1-convertido-de-png-300x300.webp","image/webp","200","OK","Indexable","","","0","0","","0","0","","0","0","","0","","0","","0","","0","","0","","","","","","","","","","5644","5644","5644","2.162","","0","","","","","0.000","3","4","","0","0","0","0.000","0","0","0","0","0","0","","","","","","0.169","Thu, 21 May 2026 11:16:06 GMT","","","","","1.1","","","","","","https://preview.indianapolis.com.br/wp-content/uploads/2026/05/Design-sem-nome-1-convertido-de-png-300x300.webp","2026-06-22 21:10:44"
"https://preview.indianapolis.com.br/wp-content/uploads/2026/05/construcao-civil-10-convertido-de-jpg-300x300.webp","image/webp","200","OK","Indexable","","","0","0","","0","0","","0","0","","0","","0","","0","","0","","0","","","","","","","","","","13080","13080","13080","5.011","","0","","","","","0.000","3","4","","0","0","0","0.000","0","0","0","0","0","0","","","","","","0.599","Fri, 22 May 2026 14:12:36 GMT","","","","","1.1","","","","","","https://preview.indianapolis.com.br/wp-content/uploads/2026/05/construcao-civil-10-convertido-de-jpg-300x300.webp","2026-06-22 21:10:44"
"https://preview.indianapolis.com.br/preco-ferro-fundido/","text/html; charset=UTF-8","200","OK","Indexable","","Preço Ferro Fundido e Custo-Benefício | Metal Indianápolis","58","520","Quais fatores influenciam o preço ferro fundido? Entenda como avaliar o custo-benefício em seu projeto e conheça as soluções da Metal Indianápolis. Acesse!","155","973","O artigo explica as principais variáveis que impactam a cotação e o preço do ferro fundido no mercado industrial, orientando o comprador a equilibrar custo-benefício com a qualidade da Metal Indianápolis.","204","1264","","0","Descubra os fatores que influenciam o preço ferro fundido","57","Descubra os fatores que influenciam o preço ferro fundido","57","(11) 4649-7722","14","vendas@indianapolis.com.br","26","index, follow, max-image-preview:large, max-snippet:-1, max-video-preview:-1","","","https://preview.indianapolis.com.br/preco-ferro-fundido/","","","","","","312193","44893","44893","17.198","","2609","462","5.647","18.738","Very Hard","5.718","2","1","","60","13","0","30.950","96","20","0","2","2","0","","","","","65ce52130fde0d6a4245a714861a449c","1.105","","","","","pt-BR","1.1","","","","","","https://preview.indianapolis.com.br/preco-ferro-fundido/","2026-06-22 21:10:43"
"https://preview.indianapolis.com.br/anel-de-segmento-preco/","text/html; charset=UTF-8","200","OK","Indexable","","Anel de Segmento: Preço e Vantagens | Metal Indianápolis","56","521","Buscando anel de segmento preço competitivo? Saiba o que avaliar na escolha e conheça as peças com fundição própria da Metal Indianápolis. Confira!","147","939","O artigo orienta o leitor sobre como encontrar o melhor preço para anéis de segmento sem abrir mão da qualidade técnica, destacando o custo-benefício da fabricação própria da Metal Indianápolis.","194","1217","","0","Como encontrar o melhor anel de segmento preço?","47","Como encontrar o melhor anel de segmento preço?","47","(11) 4649-7722","14","vendas@indianapolis.com.br","26","index, follow, max-image-preview:large, max-snippet:-1, max-video-preview:-1","","","https://preview.indianapolis.com.br/anel-de-segmento-preco/","","","","","","312040","44839","44839","17.177","","2669","440","6.066","21.969","Very Hard","5.781","2","1","","60","13","0","30.950","96","20","0","2","2","0","","","","","9f30060af72a26b2c29b3c49f0e0c30c","1.193","","","","","pt-BR","1.1","","","","","","https://preview.indianapolis.com.br/anel-de-segmento-preco/","2026-06-22 21:10:44"
"https://preview.indianapolis.com.br/anel-de-segmento/","text/html; charset=UTF-8","200","OK","Indexable","","Anel de Segmento: Tipos e Aplicações | Metal Indianápolis","57","519","O que é um anel de segmento e quais são seus tipos? Entenda a importância dessa peça para motores e conheça as soluções da Metal Indianápolis. Acesse!","150","964","O artigo detalha o funcionamento e os tipos de anel de segmento (compressão, raspador e intermediário), além de destacar a Metaláurgica Indianápolis como fabricante especializada em fundição e usinagem dessas peças.","215","1373","","0","Entenda mais sobre a aplicação e tipos de anel de segmento","58","Entenda mais sobre a aplicação e tipos de anel de segmento","58","(11) 4649-7722","14","vendas@indianapolis.com.br","26","index, follow, max-image-preview:large, max-snippet:-1, max-video-preview:-1","","","https://preview.indianapolis.com.br/anel-de-segmento/","","","","","","310300","43835","43835","16.792","","2433","422","5.765","25.107","Very Hard","5.251","2","1","","58","13","0","30.950","96","20","0","2","2","0","","","","","dd9826250fb5a40b4d9e44c15850fa70","1.228","","","","","pt-BR","1.1","","","","","","https://preview.indianapolis.com.br/anel-de-segmento/","2026-06-22 21:10:44"
"https://preview.indianapolis.com.br/pecas-para-tratores/","text/html; charset=UTF-8","200","OK","Indexable","","Peças para Tratores: Como Escolher | Metal Indianápolis","55","503","Como escolher as melhores peças para tratores? Saiba o que avaliar entre durabilidade, custos e conheça a tradição da Metal Indianápolis. Acesse!","145","908","O artigo oferece um guia completo para a escolha de peças para tratores, analisando critérios como compatibilidade, durabilidade, custo-benefício e a expertise de mercado da Metal Indianápolis.","193","1198","","0","Descubra como escolher as melhores peças para tratores","54","Descubra como escolher as melhores peças para tratores","54","(11) 4649-7722","14","vendas@indianapolis.com.br","26","index, follow, max-image-preview:large, max-snippet:-1, max-video-preview:-1","","","https://preview.indianapolis.com.br/pecas-para-tratores/","","","","","","316728","46274","46274","17.727","","3259","516","6.316","24.890","Very Hard","6.810","2","1","","60","13","0","30.950","96","20","0","2","2","0","","","","","3d67174c18ea83252590f6a929d5c3c8","1.130","","","","","pt-BR","1.1","","","","","","https://preview.indianapolis.com.br/pecas-para-tratores/","2026-06-22 21:10:44"
"https://preview.indianapolis.com.br/wp-content/uploads/2026/05/Design-sem-nome-1-convertido-de-png-1-300x300.webp","image/webp","200","OK","Indexable","","","0","0","","0","0","","0","0","","0","","0","","0","","0","","0","","","","","","","","","","11780","11780","11780","4.513","","0","","","","","0.000","3","4","","0","0","0","0.000","0","0","0","0","0","0","","","","","","0.042","Thu, 21 May 2026 11:16:06 GMT","","","","","1.1","","","","","","https://preview.indianapolis.com.br/wp-content/uploads/2026/05/Design-sem-nome-1-convertido-de-png-1-300x300.webp","2026-06-22 21:10:45"
"https://preview.indianapolis.com.br/wp-content/uploads/2026/05/Design-sem-nome-1-convertido-de-png-2-300x300.webp","image/webp","200","OK","Indexable","","","0","0","","0","0","","0","0","","0","","0","","0","","0","","0","","","","","","","","","","4276","4276","4276","1.638","","0","","","","","0.000","3","4","","0","0","0","0.000","0","0","0","0","0","0","","","","","","0.041","Thu, 21 May 2026 11:16:06 GMT","","","","","1.1","","","","","","https://preview.indianapolis.com.br/wp-content/uploads/2026/05/Design-sem-nome-1-convertido-de-png-2-300x300.webp","2026-06-22 21:10:45"
"https://preview.indianapolis.com.br/produto/abracadeira-rapida/","text/html; charset=UTF-8","200","OK","Indexable","","Abraçadeira Rápida | Metal Indianápolis","39","352","Procurando abraçadeira para concreto de alta durabilidade? Conheça os modelos com rastreabilidade por lote da Metal Indianápolis. Acesse e faça uma cotação!","156","999","A abraçadeira para concreto da Metal Indianápolis é produzida em ferro fundido nodular de alta resistência, sendo indispensável para o acoplamento seguro de tubulações, curvas e bombas de concreto (snap coupling). Disponível em diversas medidas nos modelos rápidos ou fixos, cada peça conta com gravação de número de lote para total rastreabilidade, garantindo máxima vida útil e segurança para a operação.","406","2572","","0","Abraçadeira Rápida","18","","0","(11) 4649-7722","14","vendas@indianapolis.com.br","26","index, follow, max-image-preview:large, max-snippet:-1, max-video-preview:-1","","","https://preview.indianapolis.com.br/produto/abracadeira-rapida/","","","","","","116978","27242","27242","10.436","","790","125","6.320","15.157","Very Hard","5.075","3","2","","21","6","0","14.290","39","15","0","3","3","0","","","","","29fe98861de09757a18423156593f561","0.466","","","","","pt-BR","1.1","","","","","","https://preview.indianapolis.com.br/produto/abracadeira-rapida/","2026-06-22 21:10:45"
"https://preview.indianapolis.com.br/wp-content/uploads/2026/05/Design-sem-nome-convertido-de-png-1-300x300.webp","image/webp","200","OK","Indexable","","","0","0","","0","0","","0","0","","0","","0","","0","","0","","0","","","","","","","","","","4898","4898","4898","1.876","","0","","","","","0.000","3","4","","0","0","0","0.000","0","0","0","0","0","0","","","","","","0.216","Fri, 22 May 2026 13:59:56 GMT","","","","","1.1","","","","","","https://preview.indianapolis.com.br/wp-content/uploads/2026/05/Design-sem-nome-convertido-de-png-1-300x300.webp","2026-06-22 21:10:46"
"https://preview.indianapolis.com.br/wp-content/uploads/2026/05/blog-fabricante-de-abracadeiras-para-bombeamento-de-concreto-255010c7aa-1-convertido-de-jpg-300x300.webp","image/webp","200","OK","Indexable","","","0","0","","0","0","","0","0","","0","","0","","0","","0","","0","","","","","","","","","","7714","7714","7714","2.955","","0","","","","","0.000","3","4","","0","0","0","0.000","0","0","0","0","0","0","","","","","","0.176","Thu, 21 May 2026 11:16:08 GMT","","","","","1.1","","","","","","https://preview.indianapolis.com.br/wp-content/uploads/2026/05/blog-fabricante-de-abracadeiras-para-bombeamento-de-concreto-255010c7aa-1-convertido-de-jpg-300x300.webp","2026-06-22 21:10:46"
"https://preview.indianapolis.com.br/produto/tirante-para-elevador/","text/html; charset=UTF-8","200","OK","Indexable","","Tirante para Elevador | Metal Indianópolis","42","369","Precisa de tirante para elevador de alta confiabilidade? Fabricamos componentes de segurança em ferro fundido nodular com precisão CNC. Solicite cotação!","153","973","O Tirante para Elevador desenvolvido pela Metal Indianópolis é um componente estrutural crítico, projetado para suportar altas cargas de tração e fadiga mecânica contínua. Fabricada sob rigorosos controles metalúrgicos em ferro fundido nodular de alta ductilidade, a peça passa por processos de usinagem CNC de alta precisão para garantir o perfeito alinhamento e montagem nos sistemas de contravento e sustentação. Ideal para construtoras e empresas de manutenção de transporte vertical que exigem a máxima confiabilidade da norma ISO 9001.","541","3433","","0","Soquete do Tirante","18","","0","(11) 4649-7722","14","vendas@indianapolis.com.br","26","index, follow, max-image-preview:large, max-snippet:-1, max-video-preview:-1","","","https://preview.indianapolis.com.br/produto/tirante-para-elevador/","","","","","","115431","27260","27260","10.443","","798","122","6.541","17.744","Very Hard","5.125","3","2","","21","6","0","14.290","38","14","0","3","3","0","","","","","34bf3cd60fde0f5e563ad2f29b1b416e","1.080","","","","","pt-BR","1.1","","","","","","https://preview.indianapolis.com.br/produto/tirante-para-elevador/","2026-06-22 21:10:46"
"https://preview.indianapolis.com.br/produto/rolo-de-apoio/","text/html; charset=UTF-8","200","OK","Indexable","","Rolo de Apoio para Betoneira | Metal Indianápolis","49","436","Procurando rolo de apoio para betoneira de alta resistência? Conheça os modelos com rastreabilidade por lote da Metal Indianápolis. Faça sua cotação!","149","939","O rolo de apoio para betoneira da Metal Indianápolis é fabricado em ferro fundido nodular de alta resistência, projetado especialmente para suportar o desgaste severo em campo e preservar a pista de rolagem do balão do caminhão. Flexível para a sua necessidade, o componente pode ser adquirido montado (com rolamentos e bucha) ou apenas usinado, em dimensões padronizadas ou personalizadas. Cada peça possui número de lote gravado na superfície para total rastreabilidade e acompanha certificado de análise de composição do material, assegurando uma vida útil superior e excelente custo-benefício para a sua frota.","614","3891","","0","Rolo de Apoio","13","","0","(11) 4649-7722","14","vendas@indianapolis.com.br","26","index, follow, max-image-preview:large, max-snippet:-1, max-video-preview:-1","","","https://preview.indianapolis.com.br/produto/rolo-de-apoio/","","","","","","115466","27206","27206","10.422","","852","128","6.656","18.169","Very Hard","5.425","3","2","","23","7","0","16.670","38","14","0","3","3","0","","","","","d4549f6546cab332182a5acb4e0d6bab","0.969","","","","","pt-BR","1.1","","","","","","https://preview.indianapolis.com.br/produto/rolo-de-apoio/","2026-06-22 21:10:46"
"https://preview.indianapolis.com.br/wp-content/uploads/2026/05/Design-sem-nome-2-convertido-de-png-300x300.webp","image/webp","200","OK","Indexable","","","0","0","","0","0","","0","0","","0","","0","","0","","0","","0","","","","","","","","","","6606","6606","6606","2.531","","0","","","","","0.000","3","4","","0","0","0","0.000","0","0","0","0","0","0","","","","","","0.092","Fri, 22 May 2026 14:09:29 GMT","","","","","1.1","","","","","","https://preview.indianapolis.com.br/wp-content/uploads/2026/05/Design-sem-nome-2-convertido-de-png-300x300.webp","2026-06-22 21:10:47"
"https://preview.indianapolis.com.br/produto/abracadeira-fixa/","text/html; charset=UTF-8","200","OK","Indexable","","Abraçadeira Fixa | Metal Indianópolis","37","328","Procurando abraçadeira fixa? Fabricamos acoplamentos em ferro fundido nodular de alta resistência para bombeamento e alta pressão. Peça um orçamento!","149","978","A Abraçadeira para Concreto (também conhecida como acoplamento ou snap coupling) da Metal Indianópolis é projetada especificamente para suportar o trabalho severo do bombeamento de concreto. Fabricada em ferro fundido nodular de alta resistência, ela garante estanqueidade absoluta sob alta pressão, evitando vazamentos e protegendo a integridade da tubulação. Possui sistema de travamento rápido e seguro, ideal para mangueiras de caminhões betoneira e bombas de linha na construção civil.","490","3144","","0","Abraçadeira Fixa","16","","0","(11) 4649-7722","14","vendas@indianapolis.com.br","26","index, follow, max-image-preview:large, max-snippet:-1, max-video-preview:-1","","","https://preview.indianapolis.com.br/produto/abracadeira-fixa/","","","","","","116349","27420","27420","10.504","","801","127","6.307","14.546","Very Hard","5.172","3","2","","23","7","0","16.670","38","14","0","3","3","0","","","","","9d7c3c2c46bb392a6467f9bac9f499a3","1.131","","","","","pt-BR","1.1","","","","","","https://preview.indianapolis.com.br/produto/abracadeira-fixa/","2026-06-22 21:10:46"
"https://preview.indianapolis.com.br/produto/placa-de-ancoragem/","text/html; charset=UTF-8","200","OK","Indexable","","Rolo de Apoio para Betoneira | Metal Indianápolis","49","436","Procurando rolo de apoio para betoneira de alta resistência? Conheça os modelos com rastreabilidade por lote da Metal Indianápolis. Faça sua cotação!","149","939","O rolo de apoio para betoneira da Metal Indianápolis é fabricado em ferro fundido nodular de alta resistência, projetado especialmente para suportar o desgaste severo em campo e preservar a pista de rolagem do balão do caminhão. Flexível para a sua necessidade, o componente pode ser adquirido montado (com rolamentos e bucha) ou apenas usinado, em dimensões padronizadas ou personalizadas. Cada peça possui número de lote gravado na superfície para total rastreabilidade e acompanha certificado de análise de composição do material, assegurando uma vida útil superior e excelente custo-benefício para a sua frota.","614","3891","","0","Placa de Ancoragem","18","","0","(11) 4649-7722","14","vendas@indianapolis.com.br","26","index, follow, max-image-preview:large, max-snippet:-1, max-video-preview:-1","","","https://preview.indianapolis.com.br/produto/placa-de-ancoragem/","","","","","","115626","27235","27235","10.433","","854","128","6.672","18.183","Very Hard","5.429","3","2","","21","6","0","14.290","38","14","0","3","3","0","","","","","a1cc7448738b4c888a064261388f4a39","1.147","","","","","pt-BR","1.1","","","","","","https://preview.indianapolis.com.br/produto/placa-de-ancoragem/","2026-06-22 21:10:46"
"https://preview.indianapolis.com.br/produto/pecas-bomba-concreto/","text/html; charset=UTF-8","200","OK","Indexable","","Peças para Bomba de Concreto | Metal Indianápolis","49","459","Buscando peças para bomba de concreto com alta durabilidade? Encontre soluções direto da fábrica na Metal Indianápolis. Acesse e solicite um orçamento!","151","965","As peças para bomba de concreto da Metal Indianápolis são desenvolvidas em ferro fundido de excelente qualidade, garantindo alta resistência e longa vida útil na manutenção de equipamentos de transporte e bombeamento. A linha completa de reposição inclui abraçadeiras, mangotes, ponteiras, chapas óculos, manchetas, curvas e tubos de redução. Sendo fabricante direta com certificação ISO 9001:2015, a empresa assegura rigoroso controle metalúrgico em laboratório próprio e mantém estoque estratégico para garantir agilidade na entrega e evitar paradas na sua produção.","568","3606","","0","Curva Bomba Concreto","20","","0","(11) 4649-7722","14","vendas@indianapolis.com.br","26","index, follow, max-image-preview:large, max-snippet:-1, max-video-preview:-1","","","https://preview.indianapolis.com.br/produto/pecas-bomba-concreto/","","","","","","115505","27142","27142","10.398","","790","127","6.220","15.793","Very Hard","5.178","3","2","","19","5","0","11.900","38","14","0","3","3","0","","","","","f2c11ae1c4fe18a653982a915f3cc533","0.860","","","","","pt-BR","1.1","","","","","","https://preview.indianapolis.com.br/produto/pecas-bomba-concreto/","2026-06-22 21:10:46"
"https://preview.indianapolis.com.br/wp-content/uploads/2026/05/Design-sem-nome-1-convertido-de-png-3-300x300.webp","image/webp","200","OK","Indexable","","","0","0","","0","0","","0","0","","0","","0","","0","","0","","0","","","","","","","","","","6688","6688","6688","2.562","","0","","","","","0.000","3","4","","0","0","0","0.000","0","0","0","0","0","0","","","","","","0.467","Fri, 22 May 2026 14:03:10 GMT","","","","","1.1","","","","","","https://preview.indianapolis.com.br/wp-content/uploads/2026/05/Design-sem-nome-1-convertido-de-png-3-300x300.webp","2026-06-22 21:10:47"
"https://preview.indianapolis.com.br/wp-content/uploads/2026/05/Design-sem-nome-9-convertido-de-png-600x400.webp","image/webp","200","OK","Indexable","","","0","0","","0","0","","0","0","","0","","0","","0","","0","","0","","","","","","","","","","16284","16284","16284","6.238","","0","","","","","0.000","3","4","","0","0","0","0.000","0","0","0","0","0","0","","","","","","0.034","Fri, 22 May 2026 17:37:17 GMT","","","","","1.1","","","","","","https://preview.indianapolis.com.br/wp-content/uploads/2026/05/Design-sem-nome-9-convertido-de-png-600x400.webp","2026-06-22 21:10:47"
"https://preview.indianapolis.com.br/wp-content/uploads/2026/05/Design-sem-nome-convertido-de-png-300x300.webp","image/webp","200","OK","Indexable","","","0","0","","0","0","","0","0","","0","","0","","0","","0","","0","","","","","","","","","","6116","6116","6116","2.343","","0","","","","","0.000","3","4","","0","0","0","0.000","0","0","0","0","0","0","","","","","","0.048","Fri, 22 May 2026 13:47:14 GMT","","","","","1.1","","","","","","https://preview.indianapolis.com.br/wp-content/uploads/2026/05/Design-sem-nome-convertido-de-png-300x300.webp","2026-06-22 21:10:47"
"https://preview.indianapolis.com.br/produto/rolo-de-apoio-para-betoneira/","text/html; charset=UTF-8","200","OK","Indexable","","Rolo de Apoio para Betoneira | Metal Indianópolis","49","436","Procurando rolo de apoio para betoneira? Fabricamos roletes em ferro fundido de alta resistência ao desgaste para caminhão betoneira. Solicite um orçamento!","156","988","O Rolo de Apoio para Betoneira da Metal Indianópolis é um componente crítico para garantir a estabilidade, o alinhamento e a rotação suave do balão do caminhão betoneira. Projetado para suportar altíssimas cargas de compressão e o trabalho severo em ambientes com alta presença de poeira abrasiva, este rolete é fabricado em ferro fundido de alta resistência. O componente passa por uma usinagem CNC de precisão milimétrica, assegurando um encaixe perfeito, redução de vibrações no equipamento e uma vida útil significativamente maior para a sua frota.","552","3488","","0","Bucha do Rolo de Apoio","22","","0","(11) 4649-7722","14","vendas@indianapolis.com.br","26","index, follow, max-image-preview:large, max-snippet:-1, max-video-preview:-1","","","https://preview.indianapolis.com.br/produto/rolo-de-apoio-para-betoneira/","","","","","","116282","27479","27479","10.527","","847","128","6.617","19.332","Very Hard","5.341","3","2","","21","6","0","14.290","38","14","0","3","3","0","","","","","354b2a0ce30002108ebf1b43361f7102","0.523","","","","","pt-BR","1.1","","","","","","https://preview.indianapolis.com.br/produto/rolo-de-apoio-para-betoneira/","2026-06-22 21:10:47"
"https://preview.indianapolis.com.br/wp-content/uploads/2026/05/Design-sem-nome-9-convertido-de-png.webp","image/webp","200","OK","Indexable","","","0","0","","0","0","","0","0","","0","","0","","0","","0","","0","","","","","","","","","","28046","28046","28046","10.744","","0","","","","","0.000","3","4","","1","1","0","2.380","0","0","0","0","0","0","","","","","","0.209","Fri, 22 May 2026 17:37:17 GMT","","","","","1.1","","","","","","https://preview.indianapolis.com.br/wp-content/uploads/2026/05/Design-sem-nome-9-convertido-de-png.webp","2026-06-22 21:10:48"
"https://preview.indianapolis.com.br/wp-content/uploads/2026/05/blog-fabricante-aneis-de-segmento-9c26fa552b-convertido-de-jpg-300x300.webp","image/webp","200","OK","Indexable","","","0","0","","0","0","","0","0","","0","","0","","0","","0","","0","","","","","","","","","","12526","12526","12526","4.798","","0","","","","","0.000","3","4","","0","0","0","0.000","0","0","0","0","0","0","","","","","","0.171","Thu, 21 May 2026 11:16:08 GMT","","","","","1.1","","","","","","https://preview.indianapolis.com.br/wp-content/uploads/2026/05/blog-fabricante-aneis-de-segmento-9c26fa552b-convertido-de-jpg-300x300.webp","2026-06-22 21:10:48"
"https://preview.indianapolis.com.br/produto/rolo-apoio-betoneira/","text/html; charset=UTF-8","200","OK","Indexable","","Rolo de Apoio para Betoneira | Metal Indianápolis","49","436","Procurando rolo de apoio para betoneira de alta resistência? Conheça os modelos com rastreabilidade por lote da Metal Indianápolis. Faça sua cotação!","149","939","O rolo de apoio para betoneira da Metal Indianápolis é fabricado em ferro fundido nodular de alta resistência, projetado especialmente para suportar o desgaste severo em campo e preservar a pista de rolagem do balão do caminhão. Flexível para a sua necessidade, o componente pode ser adquirido montado (com rolamentos e bucha) ou apenas usinado, em dimensões padronizadas ou personalizadas. Cada peça possui número de lote gravado na superfície para total rastreabilidade e acompanha certificado de análise de composição do material, assegurando uma vida útil superior e excelente custo-benefício para a sua frota.","614","3891","","0","Rolo de Apoio para Betoneira","28","","0","(11) 4649-7722","14","vendas@indianapolis.com.br","26","index, follow, max-image-preview:large, max-snippet:-1, max-video-preview:-1","","","https://preview.indianapolis.com.br/produto/rolo-apoio-betoneira/","","","","","","115895","27264","27264","10.444","","854","128","6.672","17.787","Very Hard","5.430","3","2","","19","5","0","11.900","38","14","0","3","3","0","","","","","df3d4b353e0363147e2a1a3efa1b864c","0.509","","","","","pt-BR","1.1","","","","","","https://preview.indianapolis.com.br/produto/rolo-apoio-betoneira/","2026-06-22 21:10:47"
"https://preview.indianapolis.com.br/produto/polia-de-elevador/","text/html; charset=UTF-8","200","OK","Indexable","","Polia de Elevador | Metal Indianópolis","38","332","Procura por polia de elevador de alta durabilidade? Fabricamos polias em ferro fundido de alta resistência com usinagem de precisão CNC. Peça um orçamento!","155","986","A Polia para Elevador da Metal Indianópolis é projetada especificamente para sistemas de tração e desvio no transporte vertical. Fabricada em ferro fundido de alta resistência, ela oferece excelente absorção de vibrações e máxima durabilidade contra o desgaste contínuo provocado pelo atrito dos cabos de aço. O componente passa por uma usinagem CNC rigorosa e balanceamento preciso, garantindo um funcionamento suave, seguro e em conformidade com as normas técnicas de segurança. Perfeita para montadoras e empresas de manutenção de elevadores.","545","3502","","0","Polia de Elevador","17","","0","(11) 4649-7722","14","vendas@indianapolis.com.br","26","index, follow, max-image-preview:large, max-snippet:-1, max-video-preview:-1","","","https://preview.indianapolis.com.br/produto/polia-de-elevador/","","","","","","115765","27377","27377","10.488","","797","123","6.480","15.773","Very Hard","5.154","3","2","","21","6","0","14.290","38","14","0","3","3","0","","","","","bc8abace29d5e1af44f0f1f6e08386ab","0.508","","","","","pt-BR","1.1","","","","","","https://preview.indianapolis.com.br/produto/polia-de-elevador/","2026-06-22 21:10:47"
"https://preview.indianapolis.com.br/wp-content/uploads/2026/05/fundicao-ferro-fundido-08-convertido-de-jpg-600x450.webp","image/webp","200","OK","Indexable","","","0","0","","0","0","","0","0","","0","","0","","0","","0","","0","","","","","","","","","","50774","50774","50774","19.451","","0","","","","","0.000","3","4","","0","0","0","0.000","0","0","0","0","0","0","","","","","","0.140","Fri, 22 May 2026 18:01:55 GMT","","","","","1.1","","","","","","https://preview.indianapolis.com.br/wp-content/uploads/2026/05/fundicao-ferro-fundido-08-convertido-de-jpg-600x450.webp","2026-06-22 21:10:48"
"https://preview.indianapolis.com.br/wp-content/uploads/2026/05/fundicao-ferro-fundido-05-convertido-de-jpg-600x538.webp","image/webp","200","OK","Indexable","","","0","0","","0","0","","0","0","","0","","0","","0","","0","","0","","","","","","","","","","43602","43602","43602","16.703","","0","","","","","0.000","3","4","","0","0","0","0.000","0","0","0","0","0","0","","","","","","0.262","Fri, 22 May 2026 18:02:18 GMT","","","","","1.1","","","","","","https://preview.indianapolis.com.br/wp-content/uploads/2026/05/fundicao-ferro-fundido-05-convertido-de-jpg-600x538.webp","2026-06-22 21:10:48"
"https://preview.indianapolis.com.br/wp-content/uploads/2026/05/fundicao-ferro-fundido-06-convertido-de-jpg-600x450.webp","image/webp","200","OK","Indexable","","","0","0","","0","0","","0","0","","0","","0","","0","","0","","0","","","","","","","","","","17538","17538","17538","6.718","","0","","","","","0.000","3","4","","0","0","0","0.000","0","0","0","0","0","0","","","","","","0.232","Fri, 22 May 2026 18:02:07 GMT","","","","","1.1","","","","","","https://preview.indianapolis.com.br/wp-content/uploads/2026/05/fundicao-ferro-fundido-06-convertido-de-jpg-600x450.webp","2026-06-22 21:10:48"
"https://preview.indianapolis.com.br/wp-content/uploads/2026/05/fundicao-ferro-fundido-07-convertido-de-jpg-600x450.webp","image/webp","200","OK","Indexable","","","0","0","","0","0","","0","0","","0","","0","","0","","0","","0","","","","","","","","","","37446","37446","37446","14.345","","0","","","","","0.000","3","4","","0","0","0","0.000","0","0","0","0","0","0","","","","","","0.201","Fri, 22 May 2026 17:56:35 GMT","","","","","1.1","","","","","","https://preview.indianapolis.com.br/wp-content/uploads/2026/05/fundicao-ferro-fundido-07-convertido-de-jpg-600x450.webp","2026-06-22 21:10:48"
"https://preview.indianapolis.com.br/wp-content/uploads/2026/05/fundicao-ferro-fundido-06-convertido-de-jpg.webp","image/webp","200","OK","Indexable","","","0","0","","0","0","","0","0","","0","","0","","0","","0","","0","","","","","","","","","","28002","28002","28002","10.727","","0","","","","","0.000","3","4","","1","1","0","2.380","0","0","0","0","0","0","","","","","","0.035","Fri, 22 May 2026 18:02:07 GMT","","","","","1.1","","","","","","https://preview.indianapolis.com.br/wp-content/uploads/2026/05/fundicao-ferro-fundido-06-convertido-de-jpg.webp","2026-06-22 21:10:48"
"https://preview.indianapolis.com.br/categoria-produto/sem-categoria/","text/html; charset=UTF-8","200","OK","Indexable","","Arquivo de Sem categoria - preview.indianapolis.com.br","54","495","","0","0","","0","0","","0","Sem categoria","13","","0","(11) 4649-7722","14","vendas@indianapolis.com.br","26","index, follow, max-image-preview:large, max-snippet:-1, max-video-preview:-1","","","https://preview.indianapolis.com.br/categoria-produto/sem-categoria/","","","","","","94667","22603","22603","8.659","","277","53","5.226","0.000","Very Hard","2.829","3","2","","10","2","0","4.760","26","9","0","3","3","0","","","","","d3fbf869cab6dd708623261ce7fd7255","0.561","","","","","pt-BR","1.1","","","","","","https://preview.indianapolis.com.br/categoria-produto/sem-categoria/","2026-06-22 21:10:47"
"https://preview.indianapolis.com.br/wp-content/uploads/2026/05/fundicao-ferro-fundido-05-convertido-de-jpg.webp","image/webp","200","OK","Indexable","","","0","0","","0","0","","0","0","","0","","0","","0","","0","","0","","","","","","","","","","68114","68114","68114","26.093","","0","","","","","0.000","3","4","","1","1","0","2.380","0","0","0","0","0","0","","","","","","0.164","Fri, 22 May 2026 18:02:18 GMT","","","","","1.1","","","","","","https://preview.indianapolis.com.br/wp-content/uploads/2026/05/fundicao-ferro-fundido-05-convertido-de-jpg.webp","2026-06-22 21:10:48"
"https://preview.indianapolis.com.br/wp-content/uploads/2026/05/fundicao-ferro-fundido-07-convertido-de-jpg.webp","image/webp","200","OK","Indexable","","","0","0","","0","0","","0","0","","0","","0","","0","","0","","0","","","","","","","","","","68802","68802","68802","26.357","","0","","","","","0.000","3","4","","1","1","0","2.380","0","0","0","0","0","0","","","","","","0.032","Fri, 22 May 2026 17:56:35 GMT","","","","","1.1","","","","","","https://preview.indianapolis.com.br/wp-content/uploads/2026/05/fundicao-ferro-fundido-07-convertido-de-jpg.webp","2026-06-22 21:10:48"
"https://preview.indianapolis.com.br/produto/aneis-de-segmento/","text/html; charset=UTF-8","200","OK","Indexable","","Anéis de Segmento | Metal Indianápolis","38","352","Buscando anéis de segmento de alta qualidade? Conheça os modelos para motores e sistemas hidráulicos da Metal Indianápolis. Solicite um orçamento!","146","942","Os anéis de segmento da Metal Indianápolis são componentes cilíndricos de alta precisão, fundamentais para assegurar o funcionamento correto e a compressão perfeita de motores a combustão (veículos, motosserras, embarcações) e sistemas hidráulicos. Fabricados em materiais de excelente resistência como aço, bronze e ferro fundido, a linha abrange os três tipos essenciais: anéis de compressão, raspadores e intermediários. Produzidos com matéria-prima testada em laboratório próprio e fundição de alta tecnologia, esses componentes oferecem vedação hermética contra a perda de gases e excelente distribuição de óleo lubrificante, garantindo máxima durabilidade e redução do atrito industrial.","693","4364","","0","Anéis de Segmento","17","","0","(11) 4649-7722","14","vendas@indianapolis.com.br","26","index, follow, max-image-preview:large, max-snippet:-1, max-video-preview:-1","","","https://preview.indianapolis.com.br/produto/aneis-de-segmento/","","","","","","113107","26832","26832","10.279","","797","118","6.754","18.997","Very Hard","5.266","3","2","","13","2","0","4.760","32","12","0","3","3","0","","","","","e5a3b2b00cae490976afc01293ec1190","0.447","","","","","pt-BR","1.1","","","","","","https://preview.indianapolis.com.br/produto/aneis-de-segmento/","2026-06-22 21:10:48"
"https://preview.indianapolis.com.br/wp-content/uploads/2026/05/fundicao-ferro-fundido-08-convertido-de-jpg.webp","image/webp","200","OK","Indexable","","","0","0","","0","0","","0","0","","0","","0","","0","","0","","0","","","","","","","","","","66092","66092","66092","25.319","","0","","","","","0.000","3","4","","1","1","0","2.380","0","0","0","0","0","0","","","","","","0.136","Fri, 22 May 2026 18:01:54 GMT","","","","","1.1","","","","","","https://preview.indianapolis.com.br/wp-content/uploads/2026/05/fundicao-ferro-fundido-08-convertido-de-jpg.webp","2026-06-22 21:10:48"
"https://preview.indianapolis.com.br/wp-content/uploads/2026/05/fundicao-ferro-fundido-04-convertido-de-jpg.webp","image/webp","200","OK","Indexable","","","0","0","","0","0","","0","0","","0","","0","","0","","0","","0","","","","","","","","","","109812","109812","109812","42.067","","0","","","","","0.000","3","4","","1","1","0","2.380","0","0","0","0","0","0","","","","","","0.159","Fri, 22 May 2026 18:02:29 GMT","","","","","1.1","","","","","","https://preview.indianapolis.com.br/wp-content/uploads/2026/05/fundicao-ferro-fundido-04-convertido-de-jpg.webp","2026-06-22 21:10:48"
"https://preview.indianapolis.com.br/wp-content/uploads/2026/05/Design-sem-nome-3-convertido-de-png.webp","image/webp","200","OK","Indexable","","","0","0","","0","0","","0","0","","0","","0","","0","","0","","0","","","","","","","","","","5218","5218","5218","1.999","","0","","","","","0.000","3","4","","1","1","0","2.380","0","0","0","0","0","0","","","","","","0.139","Fri, 22 May 2026 17:10:29 GMT","","","","","1.1","","","","","","https://preview.indianapolis.com.br/wp-content/uploads/2026/05/Design-sem-nome-3-convertido-de-png.webp","2026-06-22 21:10:48"
"https://preview.indianapolis.com.br/wp-content/uploads/2026/05/Design-sem-nome-3-convertido-de-png-600x400.webp","image/webp","200","OK","Indexable","","","0","0","","0","0","","0","0","","0","","0","","0","","0","","0","","","","","","","","","","4038","4038","4038","1.547","","0","","","","","0.000","3","4","","0","0","0","0.000","0","0","0","0","0","0","","","","","","0.122","Fri, 22 May 2026 17:10:29 GMT","","","","","1.1","","","","","","https://preview.indianapolis.com.br/wp-content/uploads/2026/05/Design-sem-nome-3-convertido-de-png-600x400.webp","2026-06-22 21:10:48"
"https://preview.indianapolis.com.br/wp-content/uploads/2026/05/Design-sem-nome-7-convertido-de-png-600x400.webp","image/webp","200","OK","Indexable","","","0","0","","0","0","","0","0","","0","","0","","0","","0","","0","","","","","","","","","","10038","10038","10038","3.845","","0","","","","","0.000","3","4","","0","0","0","0.000","0","0","0","0","0","0","","","","","","0.091","Fri, 22 May 2026 17:27:24 GMT","","","","","1.1","","","","","","https://preview.indianapolis.com.br/wp-content/uploads/2026/05/Design-sem-nome-7-convertido-de-png-600x400.webp","2026-06-22 21:10:48"
"https://preview.indianapolis.com.br/wp-content/uploads/2026/05/Design-sem-nome-8-convertido-de-png-600x400.webp","image/webp","200","OK","Indexable","","","0","0","","0","0","","0","0","","0","","0","","0","","0","","0","","","","","","","","","","7544","7544","7544","2.890","","0","","","","","0.000","3","4","","0","0","0","0.000","0","0","0","0","0","0","","","","","","0.095","Fri, 22 May 2026 17:30:44 GMT","","","","","1.1","","","","","","https://preview.indianapolis.com.br/wp-content/uploads/2026/05/Design-sem-nome-8-convertido-de-png-600x400.webp","2026-06-22 21:10:48"
"https://preview.indianapolis.com.br/wp-content/uploads/2026/05/Design-sem-nome-8-convertido-de-png.webp","image/webp","200","OK","Indexable","","","0","0","","0","0","","0","0","","0","","0","","0","","0","","0","","","","","","","","","","9658","9658","9658","3.700","","0","","","","","0.000","3","4","","1","1","0","2.380","0","0","0","0","0","0","","","","","","0.109","Fri, 22 May 2026 17:30:44 GMT","","","","","1.1","","","","","","https://preview.indianapolis.com.br/wp-content/uploads/2026/05/Design-sem-nome-8-convertido-de-png.webp","2026-06-22 21:10:48"
"https://preview.indianapolis.com.br/wp-content/uploads/2026/05/Design-sem-nome-7-convertido-de-png.webp","image/webp","200","OK","Indexable","","","0","0","","0","0","","0","0","","0","","0","","0","","0","","0","","","","","","","","","","12706","12706","12706","4.867","","0","","","","","0.000","3","4","","1","1","0","2.380","0","0","0","0","0","0","","","","","","0.089","Fri, 22 May 2026 17:27:24 GMT","","","","","1.1","","","","","","https://preview.indianapolis.com.br/wp-content/uploads/2026/05/Design-sem-nome-7-convertido-de-png.webp","2026-06-22 21:10:48"
"https://preview.indianapolis.com.br/wp-content/uploads/2026/05/Design-sem-nome-15-convertido-de-png.webp","image/webp","200","OK","Indexable","","","0","0","","0","0","","0","0","","0","","0","","0","","0","","0","","","","","","","","","","10924","10924","10924","4.185","","0","","","","","0.000","3","4","","1","1","0","2.380","0","0","0","0","0","0","","","","","","0.109","Fri, 22 May 2026 17:49:40 GMT","","","","","1.1","","","","","","https://preview.indianapolis.com.br/wp-content/uploads/2026/05/Design-sem-nome-15-convertido-de-png.webp","2026-06-22 21:10:48"
"https://preview.indianapolis.com.br/wp-content/uploads/2026/05/Design-sem-nome-14-convertido-de-png-600x400.webp","image/webp","200","OK","Indexable","","","0","0","","0","0","","0","0","","0","","0","","0","","0","","0","","","","","","","","","","9474","9474","9474","3.629","","0","","","","","0.000","3","4","","0","0","0","0.000","0","0","0","0","0","0","","","","","","0.130","Fri, 22 May 2026 17:49:34 GMT","","","","","1.1","","","","","","https://preview.indianapolis.com.br/wp-content/uploads/2026/05/Design-sem-nome-14-convertido-de-png-600x400.webp","2026-06-22 21:10:48"
"https://preview.indianapolis.com.br/wp-content/uploads/2026/05/Design-sem-nome-15-convertido-de-png-600x400.webp","image/webp","200","OK","Indexable","","","0","0","","0","0","","0","0","","0","","0","","0","","0","","0","","","","","","","","","","9094","9094","9094","3.484","","0","","","","","0.000","3","4","","0","0","0","0.000","0","0","0","0","0","0","","","","","","0.114","Fri, 22 May 2026 17:49:40 GMT","","","","","1.1","","","","","","https://preview.indianapolis.com.br/wp-content/uploads/2026/05/Design-sem-nome-15-convertido-de-png-600x400.webp","2026-06-22 21:10:48"
"https://preview.indianapolis.com.br/wp-content/uploads/2026/05/moldes-industria-vidreira-01-convertido-de-jpg-600x450.webp","image/webp","200","OK","Indexable","","","0","0","","0","0","","0","0","","0","","0","","0","","0","","0","","","","","","","","","","52376","52376","52376","20.064","","0","","","","","0.000","3","4","","0","0","0","0.000","0","0","0","0","0","0","","","","","","0.137","Fri, 22 May 2026 18:12:23 GMT","","","","","1.1","","","","","","https://preview.indianapolis.com.br/wp-content/uploads/2026/05/moldes-industria-vidreira-01-convertido-de-jpg-600x450.webp","2026-06-22 21:10:49"
"https://preview.indianapolis.com.br/wp-content/uploads/2026/05/Design-sem-nome-14-convertido-de-png.webp","image/webp","200","OK","Indexable","","","0","0","","0","0","","0","0","","0","","0","","0","","0","","0","","","","","","","","","","11640","11640","11640","4.459","","0","","","","","0.000","3","4","","1","1","0","2.380","0","0","0","0","0","0","","","","","","0.156","Fri, 22 May 2026 17:49:33 GMT","","","","","1.1","","","","","","https://preview.indianapolis.com.br/wp-content/uploads/2026/05/Design-sem-nome-14-convertido-de-png.webp","2026-06-22 21:10:48"
"https://preview.indianapolis.com.br/wp-content/uploads/2026/05/moldes-industria-vidreira-01-convertido-de-jpg.webp","image/webp","200","OK","Indexable","","","0","0","","0","0","","0","0","","0","","0","","0","","0","","0","","","","","","","","","","63796","63796","63796","24.439","","0","","","","","0.000","3","4","","1","1","0","2.380","0","0","0","0","0","0","","","","","","0.182","Fri, 22 May 2026 18:12:23 GMT","","","","","1.1","","","","","","https://preview.indianapolis.com.br/wp-content/uploads/2026/05/moldes-industria-vidreira-01-convertido-de-jpg.webp","2026-06-22 21:10:49"
"https://preview.indianapolis.com.br/wp-content/uploads/2026/05/moldes-industria-vidreira-05-convertido-de-jpg.webp","image/webp","200","OK","Indexable","","","0","0","","0","0","","0","0","","0","","0","","0","","0","","0","","","","","","","","","","33370","33370","33370","12.783","","0","","","","","0.000","3","4","","1","1","0","2.380","0","0","0","0","0","0","","","","","","0.237","Fri, 22 May 2026 18:13:02 GMT","","","","","1.1","","","","","","https://preview.indianapolis.com.br/wp-content/uploads/2026/05/moldes-industria-vidreira-05-convertido-de-jpg.webp","2026-06-22 21:10:49"
"https://preview.indianapolis.com.br/wp-content/uploads/2026/05/moldes-industria-vidreira-06-convertido-de-jpg.webp","image/webp","200","OK","Indexable","","","0","0","","0","0","","0","0","","0","","0","","0","","0","","0","","","","","","","","","","31616","31616","31616","12.111","","0","","","","","0.000","3","4","","1","1","0","2.380","0","0","0","0","0","0","","","","","","0.244","Fri, 22 May 2026 18:12:44 GMT","","","","","1.1","","","","","","https://preview.indianapolis.com.br/wp-content/uploads/2026/05/moldes-industria-vidreira-06-convertido-de-jpg.webp","2026-06-22 21:10:49"
"https://preview.indianapolis.com.br/wp-content/uploads/2026/05/fundicao-pecas-agricolas-04-convertido-de-jpg-600x514.webp","image/webp","200","OK","Indexable","","","0","0","","0","0","","0","0","","0","","0","","0","","0","","0","","","","","","","","","","24488","24488","24488","9.381","","0","","","","","0.000","3","4","","0","0","0","0.000","0","0","0","0","0","0","","","","","","0.197","Fri, 22 May 2026 17:56:56 GMT","","","","","1.1","","","","","","https://preview.indianapolis.com.br/wp-content/uploads/2026/05/fundicao-pecas-agricolas-04-convertido-de-jpg-600x514.webp","2026-06-22 21:10:49"
"https://preview.indianapolis.com.br/wp-content/uploads/2026/05/moldes-industria-vidreira-04-convertido-de-jpg.webp","image/webp","200","OK","Indexable","","","0","0","","0","0","","0","0","","0","","0","","0","","0","","0","","","","","","","","","","22834","22834","22834","8.747","","0","","","","","0.000","3","4","","1","1","0","2.380","0","0","0","0","0","0","","","","","","0.275","Fri, 22 May 2026 18:13:18 GMT","","","","","1.1","","","","","","https://preview.indianapolis.com.br/wp-content/uploads/2026/05/moldes-industria-vidreira-04-convertido-de-jpg.webp","2026-06-22 21:10:49"
"https://preview.indianapolis.com.br/wp-content/uploads/2026/05/fundicao-pecas-agricolas-01-convertido-de-jpg.webp","image/webp","200","OK","Indexable","","","0","0","","0","0","","0","0","","0","","0","","0","","0","","0","","","","","","","","","","35572","35572","35572","13.627","","0","","","","","0.000","3","4","","1","1","0","2.380","0","0","0","0","0","0","","","","","","0.112","Fri, 22 May 2026 17:57:18 GMT","","","","","1.1","","","","","","https://preview.indianapolis.com.br/wp-content/uploads/2026/05/fundicao-pecas-agricolas-01-convertido-de-jpg.webp","2026-06-22 21:10:49"
"https://preview.indianapolis.com.br/wp-content/uploads/2026/05/fundicao-pecas-agricolas-04-convertido-de-jpg.webp","image/webp","200","OK","Indexable","","","0","0","","0","0","","0","0","","0","","0","","0","","0","","0","","","","","","","","","","32274","32274","32274","12.364","","0","","","","","0.000","3","4","","1","1","0","2.380","0","0","0","0","0","0","","","","","","0.135","Fri, 22 May 2026 17:56:56 GMT","","","","","1.1","","","","","","https://preview.indianapolis.com.br/wp-content/uploads/2026/05/fundicao-pecas-agricolas-04-convertido-de-jpg.webp","2026-06-22 21:10:49"
"https://preview.indianapolis.com.br/wp-content/uploads/2026/05/fundicao-pecas-agricolas-01-convertido-de-jpg-600x450.webp","image/webp","200","OK","Indexable","","","0","0","","0","0","","0","0","","0","","0","","0","","0","","0","","","","","","","","","","30248","30248","30248","11.587","","0","","","","","0.000","3","4","","0","0","0","0.000","0","0","0","0","0","0","","","","","","0.281","Fri, 22 May 2026 17:57:18 GMT","","","","","1.1","","","","","","https://preview.indianapolis.com.br/wp-content/uploads/2026/05/fundicao-pecas-agricolas-01-convertido-de-jpg-600x450.webp","2026-06-22 21:10:49"
"https://preview.indianapolis.com.br/wp-content/uploads/2026/05/fundicao-pecas-agricolas-05-convertido-de-jpg.webp","image/webp","200","OK","Indexable","","","0","0","","0","0","","0","0","","0","","0","","0","","0","","0","","","","","","","","","","58922","58922","58922","22.572","","0","","","","","0.000","3","4","","1","1","0","2.380","0","0","0","0","0","0","","","","","","0.268","Fri, 22 May 2026 17:57:38 GMT","","","","","1.1","","","","","","https://preview.indianapolis.com.br/wp-content/uploads/2026/05/fundicao-pecas-agricolas-05-convertido-de-jpg.webp","2026-06-22 21:10:49"
"https://preview.indianapolis.com.br/wp-content/uploads/2026/05/Design-sem-nome-6-convertido-de-png.webp","image/webp","200","OK","Indexable","","","0","0","","0","0","","0","0","","0","","0","","0","","0","","0","","","","","","","","","","16354","16354","16354","6.265","","0","","","","","0.000","3","4","","1","1","0","2.380","0","0","0","0","0","0","","","","","","0.274","Fri, 22 May 2026 17:20:31 GMT","","","","","1.1","","","","","","https://preview.indianapolis.com.br/wp-content/uploads/2026/05/Design-sem-nome-6-convertido-de-png.webp","2026-06-22 21:10:49"
"https://preview.indianapolis.com.br/wp-content/uploads/2026/05/Design-sem-nome-6-convertido-de-png-600x400.webp","image/webp","200","OK","Indexable","","","0","0","","0","0","","0","0","","0","","0","","0","","0","","0","","","","","","","","","","10842","10842","10842","4.153","","0","","","","","0.000","3","4","","0","0","0","0.000","0","0","0","0","0","0","","","","","","0.367","Fri, 22 May 2026 17:20:32 GMT","","","","","1.1","","","","","","https://preview.indianapolis.com.br/wp-content/uploads/2026/05/Design-sem-nome-6-convertido-de-png-600x400.webp","2026-06-22 21:10:49"
"https://preview.indianapolis.com.br/categoria-produto/industria-vidreira/","text/html; charset=UTF-8","200","OK","Indexable","","Arquivo de Indústria Vidreira - preview.indianapolis.com.br","59","518","","0","0","","0","0","","0","Indústria Vidreira","18","","0","(11) 4649-7722","14","vendas@indianapolis.com.br","26","index, follow, max-image-preview:large, max-snippet:-1, max-video-preview:-1","","","https://preview.indianapolis.com.br/categoria-produto/industria-vidreira/","","","","","","94847","22611","22611","8.662","","275","53","5.189","0.000","Very Hard","2.828","3","2","","9","2","0","4.760","26","9","0","3","3","0","","","","","132504e640fa1b14fff758fb2c4299e0","0.705","","","","","pt-BR","1.1","","","","","","https://preview.indianapolis.com.br/categoria-produto/industria-vidreira/","2026-06-22 21:10:49"
"https://preview.indianapolis.com.br/wp-content/uploads/2026/05/Design-sem-nome-5-convertido-de-png.webp","image/webp","200","OK","Indexable","","","0","0","","0","0","","0","0","","0","","0","","0","","0","","0","","","","","","","","","","21246","21246","21246","8.139","","0","","","","","0.000","3","4","","1","1","0","2.380","0","0","0","0","0","0","","","","","","0.123","Fri, 22 May 2026 17:19:59 GMT","","","","","1.1","","","","","","https://preview.indianapolis.com.br/wp-content/uploads/2026/05/Design-sem-nome-5-convertido-de-png.webp","2026-06-22 21:10:49"
"https://preview.indianapolis.com.br/wp-content/uploads/2026/05/Design-sem-nome-5-convertido-de-png-600x400.webp","image/webp","200","OK","Indexable","","","0","0","","0","0","","0","0","","0","","0","","0","","0","","0","","","","","","","","","","14404","14404","14404","5.518","","0","","","","","0.000","3","4","","0","0","0","0.000","0","0","0","0","0","0","","","","","","0.343","Fri, 22 May 2026 17:19:59 GMT","","","","","1.1","","","","","","https://preview.indianapolis.com.br/wp-content/uploads/2026/05/Design-sem-nome-5-convertido-de-png-600x400.webp","2026-06-22 21:10:49"
"https://preview.indianapolis.com.br/wp-content/uploads/2026/05/Design-sem-nome-4-convertido-de-png.webp","image/webp","200","OK","Indexable","","","0","0","","0","0","","0","0","","0","","0","","0","","0","","0","","","","","","","","","","8038","8038","8038","3.079","","0","","","","","0.000","3","4","","1","1","0","2.380","0","0","0","0","0","0","","","","","","0.334","Fri, 22 May 2026 17:19:11 GMT","","","","","1.1","","","","","","https://preview.indianapolis.com.br/wp-content/uploads/2026/05/Design-sem-nome-4-convertido-de-png.webp","2026-06-22 21:10:49"
"https://preview.indianapolis.com.br/wp-content/uploads/2026/05/Design-sem-nome-4-convertido-de-png-600x400.webp","image/webp","200","OK","Indexable","","","0","0","","0","0","","0","0","","0","","0","","0","","0","","0","","","","","","","","","","6294","6294","6294","2.411","","0","","","","","0.000","3","4","","0","0","0","0.000","0","0","0","0","0","0","","","","","","0.324","Fri, 22 May 2026 17:19:11 GMT","","","","","1.1","","","","","","https://preview.indianapolis.com.br/wp-content/uploads/2026/05/Design-sem-nome-4-convertido-de-png-600x400.webp","2026-06-22 21:10:49"
"https://preview.indianapolis.com.br/wp-content/uploads/2026/05/Design-sem-nome-11-convertido-de-png-600x400.webp","image/webp","200","OK","Indexable","","","0","0","","0","0","","0","0","","0","","0","","0","","0","","0","","","","","","","","","","11748","11748","11748","4.500","","0","","","","","0.000","3","4","","0","0","0","0.000","0","0","0","0","0","0","","","","","","0.210","Fri, 22 May 2026 17:41:56 GMT","","","","","1.1","","","","","","https://preview.indianapolis.com.br/wp-content/uploads/2026/05/Design-sem-nome-11-convertido-de-png-600x400.webp","2026-06-22 21:10:50"
"https://preview.indianapolis.com.br/wp-content/uploads/2026/05/Design-sem-nome-10-convertido-de-png.webp","image/webp","200","OK","Indexable","","","0","0","","0","0","","0","0","","0","","0","","0","","0","","0","","","","","","","","","","11648","11648","11648","4.462","","0","","","","","0.000","3","4","","1","1","0","2.380","0","0","0","0","0","0","","","","","","0.184","Fri, 22 May 2026 17:41:11 GMT","","","","","1.1","","","","","","https://preview.indianapolis.com.br/wp-content/uploads/2026/05/Design-sem-nome-10-convertido-de-png.webp","2026-06-22 21:10:50"
"https://preview.indianapolis.com.br/wp-content/uploads/2026/05/Design-sem-nome-11-convertido-de-png.webp","image/webp","200","OK","Indexable","","","0","0","","0","0","","0","0","","0","","0","","0","","0","","0","","","","","","","","","","14626","14626","14626","5.603","","0","","","","","0.000","3","4","","1","1","0","2.380","0","0","0","0","0","0","","","","","","0.193","Fri, 22 May 2026 17:41:55 GMT","","","","","1.1","","","","","","https://preview.indianapolis.com.br/wp-content/uploads/2026/05/Design-sem-nome-11-convertido-de-png.webp","2026-06-22 21:10:50"
"https://preview.indianapolis.com.br/wp-content/plugins/woocommerce/assets/css/photoswipe/default-skin/default-skin.min.css?ver=10.7.0","text/css","200","OK","Indexable","","","0","0","","0","0","","0","0","","0","","0","","0","","0","","0","","","","","","","","","","1932","1932","1932","0.740","","0","","","","","0.000","3","7","","0","0","0","0.000","0","0","0","0","0","0","","","","","","0.264","Mon, 22 Jun 2026 20:31:56 GMT","","","","","1.1","","","","","","https://preview.indianapolis.com.br/wp-content/plugins/woocommerce/assets/css/photoswipe/default-skin/default-skin.min.css?ver=10.7.0","2026-06-22 21:10:50"
"https://preview.indianapolis.com.br/wp-content/plugins/woocommerce/assets/js/frontend/single-product.min.js?ver=10.7.0","application/x-javascript","200","OK","Indexable","","","0","0","","0","0","","0","0","","0","","0","","0","","0","","0","","","","","","","","","","2923","2923","2923","1.120","","0","","","","","0.000","3","6","","0","0","0","0.000","0","0","0","0","0","0","","","","","","0.227","Mon, 22 Jun 2026 20:31:59 GMT","","","","","1.1","","","","","","https://preview.indianapolis.com.br/wp-content/plugins/woocommerce/assets/js/frontend/single-product.min.js?ver=10.7.0","2026-06-22 21:10:50"
"https://preview.indianapolis.com.br/wp-content/plugins/woocommerce/assets/css/photoswipe/photoswipe.min.css?ver=10.7.0","text/css","200","OK","Indexable","","","0","0","","0","0","","0","0","","0","","0","","0","","0","","0","","","","","","","","","","971","971","971","0.372","","0","","","","","0.000","3","6","","0","0","0","0.000","0","0","0","0","0","0","","","","","","0.141","Mon, 22 Jun 2026 20:31:56 GMT","","","","","1.1","","","","","","https://preview.indianapolis.com.br/wp-content/plugins/woocommerce/assets/css/photoswipe/photoswipe.min.css?ver=10.7.0","2026-06-22 21:10:50"
"https://preview.indianapolis.com.br/wp-content/plugins/woocommerce/assets/js/photoswipe/photoswipe-ui-default.min.js?ver=4.1.1-wc.10.7.0","application/x-javascript","200","OK","Indexable","","","0","0","","0","0","","0","0","","0","","0","","0","","0","","0","","","","","","","","","","3681","3681","3681","1.410","","0","","","","","0.000","3","6","","0","0","0","0.000","0","0","0","0","0","0","","","","","","0.084","Mon, 22 Jun 2026 20:31:59 GMT","","","","","1.1","","","","","","https://preview.indianapolis.com.br/wp-content/plugins/woocommerce/assets/js/photoswipe/photoswipe-ui-default.min.js?ver=4.1.1-wc.10.7.0","2026-06-22 21:10:50"
"https://preview.indianapolis.com.br/wp-content/uploads/2026/05/Design-sem-nome-12-convertido-de-png.webp","image/webp","200","OK","Indexable","","","0","0","","0","0","","0","0","","0","","0","","0","","0","","0","","","","","","","","","","15516","15516","15516","5.944","","0","","","","","0.000","3","4","","1","1","0","2.380","0","0","0","0","0","0","","","","","","0.124","Fri, 22 May 2026 17:43:15 GMT","","","","","1.1","","","","","","https://preview.indianapolis.com.br/wp-content/uploads/2026/05/Design-sem-nome-12-convertido-de-png.webp","2026-06-22 21:10:50"
"https://preview.indianapolis.com.br/wp-content/uploads/2026/05/Design-sem-nome-13-convertido-de-png-600x400.webp","image/webp","200","OK","Indexable","","","0","0","","0","0","","0","0","","0","","0","","0","","0","","0","","","","","","","","","","15840","15840","15840","6.068","","0","","","","","0.000","3","4","","0","0","0","0.000","0","0","0","0","0","0","","","","","","0.113","Fri, 22 May 2026 17:44:37 GMT","","","","","1.1","","","","","","https://preview.indianapolis.com.br/wp-content/uploads/2026/05/Design-sem-nome-13-convertido-de-png-600x400.webp","2026-06-22 21:10:50"
"https://preview.indianapolis.com.br/wp-content/plugins/woocommerce/assets/js/photoswipe/photoswipe.min.js?ver=4.1.1-wc.10.7.0","application/x-javascript","200","OK","Indexable","","","0","0","","0","0","","0","0","","0","","0","","0","","0","","0","","","","","","","","","","12051","12051","12051","4.617","","0","","","","","0.000","3","6","","0","0","0","0.000","0","0","0","0","0","0","","","","","","0.108","Mon, 22 Jun 2026 20:31:59 GMT","","","","","1.1","","","","","","https://preview.indianapolis.com.br/wp-content/plugins/woocommerce/assets/js/photoswipe/photoswipe.min.js?ver=4.1.1-wc.10.7.0","2026-06-22 21:10:50"
"https://preview.indianapolis.com.br/wp-content/plugins/woocommerce/assets/js/flexslider/jquery.flexslider.min.js?ver=2.7.2-wc.10.7.0","application/x-javascript","200","OK","Indexable","","","0","0","","0","0","","0","0","","0","","0","","0","","0","","0","","","","","","","","","","6208","6208","6208","2.378","","0","","","","","0.000","3","6","","0","0","0","0.000","0","0","0","0","0","0","","","","","","0.098","Mon, 22 Jun 2026 20:31:59 GMT","","","","","1.1","","","","","","https://preview.indianapolis.com.br/wp-content/plugins/woocommerce/assets/js/flexslider/jquery.flexslider.min.js?ver=2.7.2-wc.10.7.0","2026-06-22 21:10:50"
"https://preview.indianapolis.com.br/wp-content/uploads/2026/05/Design-sem-nome-13-convertido-de-png.webp","image/webp","200","OK","Indexable","","","0","0","","0","0","","0","0","","0","","0","","0","","0","","0","","","","","","","","","","21704","21704","21704","8.314","","0","","","","","0.000","3","4","","1","1","0","2.380","0","0","0","0","0","0","","","","","","0.129","Fri, 22 May 2026 17:44:36 GMT","","","","","1.1","","","","","","https://preview.indianapolis.com.br/wp-content/uploads/2026/05/Design-sem-nome-13-convertido-de-png.webp","2026-06-22 21:10:50"
"https://preview.indianapolis.com.br/wp-content/plugins/woocommerce/assets/js/zoom/jquery.zoom.min.js?ver=1.7.21-wc.10.7.0","application/x-javascript","200","OK","Indexable","","","0","0","","0","0","","0","0","","0","","0","","0","","0","","0","","","","","","","","","","1189","1189","1189","0.455","","0","","","","","0.000","3","6","","0","0","0","0.000","0","0","0","0","0","0","","","","","","0.109","Mon, 22 Jun 2026 20:31:59 GMT","","","","","1.1","","","","","","https://preview.indianapolis.com.br/wp-content/plugins/woocommerce/assets/js/zoom/jquery.zoom.min.js?ver=1.7.21-wc.10.7.0","2026-06-22 21:10:50"
"https://preview.indianapolis.com.br/wp-content/uploads/2026/05/Design-sem-nome-12-convertido-de-png-600x400.webp","image/webp","200","OK","Indexable","","","0","0","","0","0","","0","0","","0","","0","","0","","0","","0","","","","","","","","","","12730","12730","12730","4.877","","0","","","","","0.000","3","4","","0","0","0","0.000","0","0","0","0","0","0","","","","","","0.099","Fri, 22 May 2026 17:43:15 GMT","","","","","1.1","","","","","","https://preview.indianapolis.com.br/wp-content/uploads/2026/05/Design-sem-nome-12-convertido-de-png-600x400.webp","2026-06-22 21:10:50"
"https://preview.indianapolis.com.br/wp-content/uploads/2026/05/Design-sem-nome-10-convertido-de-png-600x400.webp","image/webp","200","OK","Indexable","","","0","0","","0","0","","0","0","","0","","0","","0","","0","","0","","","","","","","","","","9380","9380","9380","3.593","","0","","","","","0.000","3","4","","0","0","0","0.000","0","0","0","0","0","0","","","","","","0.121","Fri, 22 May 2026 17:41:11 GMT","","","","","1.1","","","","","","https://preview.indianapolis.com.br/wp-content/uploads/2026/05/Design-sem-nome-10-convertido-de-png-600x400.webp","2026-06-22 21:10:50"
"https://preview.indianapolis.com.br/wp-content/uploads/2026/05/images-2-convertido-de-jpg.webp","image/webp","200","OK","Indexable","","","0","0","","0","0","","0","0","","0","","0","","0","","0","","0","","","","","","","","","","5312","5312","5312","2.035","","0","","","","","0.000","4","4","","1","1","0","2.380","0","0","0","0","0","0","","","","","","0.104","Wed, 20 May 2026 12:35:15 GMT","","","","","1.1","","","","","","https://preview.indianapolis.com.br/wp-content/uploads/2026/05/images-2-convertido-de-jpg.webp","2026-06-22 21:10:50"
"https://preview.indianapolis.com.br/wp-content/uploads/2026/05/blog-fornecedor-aneis-de-segmento-7b9de1870c-convertido-de-jpg-600x450.webp","image/webp","200","OK","Indexable","","","0","0","","0","0","","0","0","","0","","0","","0","","0","","0","","","","","","","","","","9978","9978","9978","3.822","","0","","","","","0.000","4","4","","0","0","0","0.000","0","0","0","0","0","0","","","","","","0.138","Fri, 22 May 2026 12:37:39 GMT","","","","","1.1","","","","","","https://preview.indianapolis.com.br/wp-content/uploads/2026/05/blog-fornecedor-aneis-de-segmento-7b9de1870c-convertido-de-jpg-600x450.webp","2026-06-22 21:10:50"
"https://preview.indianapolis.com.br/wp-content/uploads/2026/05/blog-fabricante-aneis-de-segmento-9c26fa552b-convertido-de-jpg-600x514.webp","image/webp","200","OK","Indexable","","","0","0","","0","0","","0","0","","0","","0","","0","","0","","0","","","","","","","","","","21654","21654","21654","8.295","","0","","","","","0.000","4","4","","0","0","0","0.000","0","0","0","0","0","0","","","","","","0.113","Thu, 21 May 2026 11:16:08 GMT","","","","","1.1","","","","","","https://preview.indianapolis.com.br/wp-content/uploads/2026/05/blog-fabricante-aneis-de-segmento-9c26fa552b-convertido-de-jpg-600x514.webp","2026-06-22 21:10:50"
"https://preview.indianapolis.com.br/wp-content/uploads/2026/05/Design-sem-nome-1-convertido-de-png-1-600x400.webp","image/webp","200","OK","Indexable","","","0","0","","0","0","","0","0","","0","","0","","0","","0","","0","","","","","","","","","","19200","19200","19200","7.355","","0","","","","","0.000","4","4","","0","0","0","0.000","0","0","0","0","0","0","","","","","","0.133","Thu, 21 May 2026 11:16:06 GMT","","","","","1.1","","","","","","https://preview.indianapolis.com.br/wp-content/uploads/2026/05/Design-sem-nome-1-convertido-de-png-1-600x400.webp","2026-06-22 21:10:50"
"https://preview.indianapolis.com.br/wp-content/uploads/2026/05/Design-sem-nome-1-convertido-de-png-1.webp","image/webp","200","OK","Indexable","","","0","0","","0","0","","0","0","","0","","0","","0","","0","","0","","","","","","","","","","36616","36616","36616","14.027","","0","","","","","0.000","4","4","","1","1","0","2.380","0","0","0","0","0","0","","","","","","0.120","Wed, 20 May 2026 11:59:36 GMT","","","","","1.1","","","","","","https://preview.indianapolis.com.br/wp-content/uploads/2026/05/Design-sem-nome-1-convertido-de-png-1.webp","2026-06-22 21:10:50"
"https://preview.indianapolis.com.br/wp-content/uploads/2026/05/Design-sem-nome-1-convertido-de-png-2.webp","image/webp","200","OK","Indexable","","","0","0","","0","0","","0","0","","0","","0","","0","","0","","0","","","","","","","","","","18190","18190","18190","6.968","","0","","","","","0.000","4","4","","1","1","0","2.380","0","0","0","0","0","0","","","","","","0.438","Wed, 20 May 2026 12:01:43 GMT","","","","","1.1","","","","","","https://preview.indianapolis.com.br/wp-content/uploads/2026/05/Design-sem-nome-1-convertido-de-png-2.webp","2026-06-22 21:10:50"
"https://preview.indianapolis.com.br/wp-content/uploads/2026/05/construcao-civil-10-convertido-de-jpg.webp","image/webp","200","OK","Indexable","","","0","0","","0","0","","0","0","","0","","0","","0","","0","","0","","","","","","","","","","40542","40542","40542","15.531","","0","","","","","0.000","4","4","","1","1","0","2.380","0","0","0","0","0","0","","","","","","0.509","Fri, 22 May 2026 14:12:36 GMT","","","","","1.1","","","","","","https://preview.indianapolis.com.br/wp-content/uploads/2026/05/construcao-civil-10-convertido-de-jpg.webp","2026-06-22 21:10:50"
"https://preview.indianapolis.com.br/wp-content/uploads/2026/05/construcao-civil-10-convertido-de-jpg-600x450.webp","image/webp","200","OK","Indexable","","","0","0","","0","0","","0","0","","0","","0","","0","","0","","0","","","","","","","","","","29238","29238","29238","11.201","","0","","","","","0.000","4","4","","0","0","0","0.000","0","0","0","0","0","0","","","","","","0.496","Fri, 22 May 2026 14:12:36 GMT","","","","","1.1","","","","","","https://preview.indianapolis.com.br/wp-content/uploads/2026/05/construcao-civil-10-convertido-de-jpg-600x450.webp","2026-06-22 21:10:50"
"https://preview.indianapolis.com.br/wp-content/uploads/2026/05/Design-sem-nome-convertido-de-png-1-600x400.webp","image/webp","200","OK","Indexable","","","0","0","","0","0","","0","0","","0","","0","","0","","0","","0","","","","","","","","","","8510","8510","8510","3.260","","0","","","","","0.000","4","4","","0","0","0","0.000","0","0","0","0","0","0","","","","","","0.821","Fri, 22 May 2026 13:59:56 GMT","","","","","1.1","","","","","","https://preview.indianapolis.com.br/wp-content/uploads/2026/05/Design-sem-nome-convertido-de-png-1-600x400.webp","2026-06-22 21:10:50"
"https://preview.indianapolis.com.br/wp-content/uploads/2026/05/Design-sem-nome-1-convertido-de-png-2-600x400.webp","image/webp","200","OK","Indexable","","","0","0","","0","0","","0","0","","0","","0","","0","","0","","0","","","","","","","","","","7564","7564","7564","2.898","","0","","","","","0.000","4","4","","0","0","0","0.000","0","0","0","0","0","0","","","","","","0.836","Thu, 21 May 2026 11:16:06 GMT","","","","","1.1","","","","","","https://preview.indianapolis.com.br/wp-content/uploads/2026/05/Design-sem-nome-1-convertido-de-png-2-600x400.webp","2026-06-22 21:10:50"
"https://preview.indianapolis.com.br/wp-content/uploads/2026/05/Design-sem-nome-convertido-de-png-1.webp","image/webp","200","OK","Indexable","","","0","0","","0","0","","0","0","","0","","0","","0","","0","","0","","","","","","","","","","11002","11002","11002","4.215","","0","","","","","0.000","4","4","","1","1","0","2.380","0","0","0","0","0","0","","","","","","0.457","Fri, 22 May 2026 13:59:56 GMT","","","","","1.1","","","","","","https://preview.indianapolis.com.br/wp-content/uploads/2026/05/Design-sem-nome-convertido-de-png-1.webp","2026-06-22 21:10:51"
"https://preview.indianapolis.com.br/wp-content/uploads/2026/05/Design-sem-nome-1-convertido-de-png-3-600x400.webp","image/webp","200","OK","Indexable","","","0","0","","0","0","","0","0","","0","","0","","0","","0","","0","","","","","","","","","","8866","8866","8866","3.396","","0","","","","","0.000","4","4","","0","0","0","0.000","0","0","0","0","0","0","","","","","","0.451","Fri, 22 May 2026 14:03:10 GMT","","","","","1.1","","","","","","https://preview.indianapolis.com.br/wp-content/uploads/2026/05/Design-sem-nome-1-convertido-de-png-3-600x400.webp","2026-06-22 21:10:51"
"https://preview.indianapolis.com.br/wp-content/uploads/2026/05/Design-sem-nome-1-convertido-de-png-3.webp","image/webp","200","OK","Indexable","","","0","0","","0","0","","0","0","","0","","0","","0","","0","","0","","","","","","","","","","11678","11678","11678","4.474","","0","","","","","0.000","4","4","","1","1","0","2.380","0","0","0","0","0","0","","","","","","0.440","Fri, 22 May 2026 14:03:10 GMT","","","","","1.1","","","","","","https://preview.indianapolis.com.br/wp-content/uploads/2026/05/Design-sem-nome-1-convertido-de-png-3.webp","2026-06-22 21:10:51"
"https://preview.indianapolis.com.br/wp-content/uploads/2026/05/blog-fabricante-de-abracadeiras-para-bombeamento-de-concreto-255010c7aa-1-convertido-de-jpg-600x400.webp","image/webp","200","OK","Indexable","","","0","0","","0","0","","0","0","","0","","0","","0","","0","","0","","","","","","","","","","13150","13150","13150","5.038","","0","","","","","0.000","4","4","","0","0","0","0.000","0","0","0","0","0","0","","","","","","0.088","Thu, 21 May 2026 11:16:08 GMT","","","","","1.1","","","","","","https://preview.indianapolis.com.br/wp-content/uploads/2026/05/blog-fabricante-de-abracadeiras-para-bombeamento-de-concreto-255010c7aa-1-convertido-de-jpg-600x400.webp","2026-06-22 21:10:51"
"https://preview.indianapolis.com.br/wp-content/uploads/2026/05/Design-sem-nome-2-convertido-de-png-600x400.webp","image/webp","200","OK","Indexable","","","0","0","","0","0","","0","0","","0","","0","","0","","0","","0","","","","","","","","","","8996","8996","8996","3.446","","0","","","","","0.000","4","4","","0","0","0","0.000","0","0","0","0","0","0","","","","","","0.105","Fri, 22 May 2026 14:09:29 GMT","","","","","1.1","","","","","","https://preview.indianapolis.com.br/wp-content/uploads/2026/05/Design-sem-nome-2-convertido-de-png-600x400.webp","2026-06-22 21:10:51"
"https://preview.indianapolis.com.br/wp-content/uploads/2026/05/Design-sem-nome-2-convertido-de-png.webp","image/webp","200","OK","Indexable","","","0","0","","0","0","","0","0","","0","","0","","0","","0","","0","","","","","","","","","","11408","11408","11408","4.370","","0","","","","","0.000","4","4","","1","1","0","2.380","0","0","0","0","0","0","","","","","","0.111","Fri, 22 May 2026 14:09:29 GMT","","","","","1.1","","","","","","https://preview.indianapolis.com.br/wp-content/uploads/2026/05/Design-sem-nome-2-convertido-de-png.webp","2026-06-22 21:10:51"
"https://preview.indianapolis.com.br/wp-content/uploads/2026/05/blog-fabricante-de-abracadeiras-para-bombeamento-de-concreto-255010c7aa-1-convertido-de-jpg.webp","image/webp","200","OK","Indexable","","","0","0","","0","0","","0","0","","0","","0","","0","","0","","0","","","","","","","","","","20504","20504","20504","7.855","","0","","","","","0.000","4","4","","1","1","0","2.380","0","0","0","0","0","0","","","","","","0.149","Wed, 20 May 2026 11:35:09 GMT","","","","","1.1","","","","","","https://preview.indianapolis.com.br/wp-content/uploads/2026/05/blog-fabricante-de-abracadeiras-para-bombeamento-de-concreto-255010c7aa-1-convertido-de-jpg.webp","2026-06-22 21:10:51"
"https://preview.indianapolis.com.br/wp-content/uploads/2026/05/Design-sem-nome-1-convertido-de-png-600x400.webp","image/webp","200","OK","Indexable","","","0","0","","0","0","","0","0","","0","","0","","0","","0","","0","","","","","","","","","","9902","9902","9902","3.793","","0","","","","","0.000","4","4","","0","0","0","0.000","0","0","0","0","0","0","","","","","","0.101","Thu, 21 May 2026 11:16:06 GMT","","","","","1.1","","","","","","https://preview.indianapolis.com.br/wp-content/uploads/2026/05/Design-sem-nome-1-convertido-de-png-600x400.webp","2026-06-22 21:10:51"
"https://preview.indianapolis.com.br/wp-content/uploads/2026/05/Design-sem-nome-1-convertido-de-png.webp","image/webp","200","OK","Indexable","","","0","0","","0","0","","0","0","","0","","0","","0","","0","","0","","","","","","","","","","23088","23088","23088","8.845","","0","","","","","0.000","4","4","","1","1","0","2.380","0","0","0","0","0","0","","","","","","0.100","Wed, 20 May 2026 11:55:30 GMT","","","","","1.1","","","","","","https://preview.indianapolis.com.br/wp-content/uploads/2026/05/Design-sem-nome-1-convertido-de-png.webp","2026-06-22 21:10:51"
"https://preview.indianapolis.com.br/wp-content/uploads/2026/05/Design-sem-nome-convertido-de-png-600x400.webp","image/webp","200","OK","Indexable","","","0","0","","0","0","","0","0","","0","","0","","0","","0","","0","","","","","","","","","","8746","8746","8746","3.350","","0","","","","","0.000","4","4","","0","0","0","0.000","0","0","0","0","0","0","","","","","","0.119","Fri, 22 May 2026 13:47:14 GMT","","","","","1.1","","","","","","https://preview.indianapolis.com.br/wp-content/uploads/2026/05/Design-sem-nome-convertido-de-png-600x400.webp","2026-06-22 21:10:51"
"https://preview.indianapolis.com.br/wp-content/uploads/2026/05/Design-sem-nome-1-convertido-de-png-1-1-600x400.webp","image/webp","200","OK","Indexable","","","0","0","","0","0","","0","0","","0","","0","","0","","0","","0","","","","","","","","","","4344","4344","4344","1.664","","0","","","","","0.000","4","4","","0","0","0","0.000","0","0","0","0","0","0","","","","","","0.117","Fri, 22 May 2026 13:57:41 GMT","","","","","1.1","","","","","","https://preview.indianapolis.com.br/wp-content/uploads/2026/05/Design-sem-nome-1-convertido-de-png-1-1-600x400.webp","2026-06-22 21:10:51"
"https://preview.indianapolis.com.br/wp-content/uploads/2026/05/Design-sem-nome-1-convertido-de-png-1-1.webp","image/webp","200","OK","Indexable","","","0","0","","0","0","","0","0","","0","","0","","0","","0","","0","","","","","","","","","","5334","5334","5334","2.043","","0","","","","","0.000","4","4","","1","1","0","2.380","0","0","0","0","0","0","","","","","","0.103","Fri, 22 May 2026 13:57:41 GMT","","","","","1.1","","","","","","https://preview.indianapolis.com.br/wp-content/uploads/2026/05/Design-sem-nome-1-convertido-de-png-1-1.webp","2026-06-22 21:10:51"
"https://preview.indianapolis.com.br/wp-content/uploads/2026/05/Design-sem-nome-convertido-de-png.webp","image/webp","200","OK","Indexable","","","0","0","","0","0","","0","0","","0","","0","","0","","0","","0","","","","","","","","","","11298","11298","11298","4.328","","0","","","","","0.000","4","4","","1","1","0","2.380","0","0","0","0","0","0","","","","","","0.114","Fri, 22 May 2026 13:47:14 GMT","","","","","1.1","","","","","","https://preview.indianapolis.com.br/wp-content/uploads/2026/05/Design-sem-nome-convertido-de-png.webp","2026-06-22 21:10:51"
